CustomerID,Age,Gender,City,Income,Purchase_Frequency,Total_Spending,Last_Purchase_Days_Ago,Preferred_Channel,Customer_Tenure_Years,Support_Calls_Last_Year,Discount_Usage_Rate,Engagement_Score,Churn
1001,56,Female,Bangalore,96128.0,1,37445,125,Store,2,6,0.68,2.81,0
1002,69,Female,Pune,174180.0,4,6796,268,Store,6,0,0.36,8.78,0
1003,46,Male,Pune,77495.0,29,48218,84,App,9,5,0.51,3.89,0
1004,32,Male,Ahmedabad,107806.0,21,40131,16,Online,2,14,0.68,9.91,1
1005,60,Male,Ahmedabad,118185.0,26,9123,334,Online,2,7,0.96,2.42,0
1006,25,Male,Pune,195591.0,14,9222,59,Store,2,6,0.25,5.65,0
1007,38,Female,Mumbai,74649.0,9,25074,177,Online,6,1,0.87,8.14,0
1008,56,Male,Pune,190596.0,12,47422,63,App,3,13,0.92,4.89,1
1009,36,Male,Pune,189957.0,6,30825,49,Online,3,12,0.67,5.21,1
1010,40,Male,Delhi,120402.0,20,37839,307,Store,2,13,0.93,9.88,1
1011,28,Male,Delhi,55676.0,24,42576,246,App,9,6,0.4,4.83,0
1012,28,Female,Delhi,,27,3786,289,,8,12,0.95,6.44,1
1013,41,Male,Mumbai,104414.0,38,34638,286,Store,1,5,0.7,1.49,0
1014,53,Female,Mumbai,118095.0,8,37964,332,Online,3,12,0.04,8.58,1
1015,57,Male,Pune,,1,45564,15,Store,7,4,0.91,6.83,0
1016,41,Female,Delhi,120432.0,24,26988,338,Online,5,3,0.48,4.64,0
1017,20,Female,Mumbai,56923.0,7,36507,255,Online,6,0,0.46,1.15,0
1018,39,Male,Ahmedabad,142449.0,19,34708,92,App,6,12,0.57,6.33,1
1019,19,Female,Pune,72574.0,22,34108,279,Store,1,1,0.15,1.11,0
1020,41,Male,Bangalore,199463.0,35,30715,206,App,3,14,0.47,1.01,1
1021,61,Male,Pune,146757.0,30,24806,94,Store,9,6,0.83,6.54,0
1022,47,Female,Bangalore,78664.0,29,37901,225,Store,9,9,0.02,2.7,0
1023,55,Male,Delhi,92384.0,22,18043,301,App,5,2,0.27,2.73,0
1024,19,Male,Bangalore,56027.0,11,11225,318,Store,2,4,0.0,6.88,0
1025,38,Female,Delhi,191536.0,20,10752,199,Store,8,7,0.42,1.48,0
1026,50,Male,Ahmedabad,,29,4457,271,Online,3,12,0.73,3.82,1
1027,29,Female,Bangalore,175528.0,34,43616,234,Store,9,12,0.8,2.34,1
1028,39,Male,Pune,60554.0,1,10241,46,Store,1,7,0.95,6.22,0
1029,61,Female,Delhi,71922.0,31,1453,64,App,5,5,0.61,6.96,0
1030,42,Female,Pune,38409.0,30,10896,230,App,0,4,0.25,7.49,0
1031,66,Female,Mumbai,61639.0,18,22826,249,Store,5,12,0.92,3.3,1
1032,44,Female,Delhi,44692.0,17,11976,246,Online,9,1,0.78,1.8,0
1033,59,Male,Bangalore,114037.0,38,49640,75,Online,0,8,0.57,1.71,0
1034,45,Female,Delhi,43074.0,14,34586,157,App,7,0,0.7,4.84,0
1035,33,Male,Pune,171621.0,23,5868,223,Store,4,10,0.92,9.51,0
1036,32,Male,Ahmedabad,54963.0,25,17396,190,Store,5,1,0.71,2.96,0
1037,64,Male,Delhi,77265.0,15,32634,52,Online,1,12,0.37,3.31,1
1038,68,Female,Bangalore,,22,13171,88,Online,1,0,0.71,1.91,0
1039,61,Male,Mumbai,,3,25111,313,Online,8,11,0.04,6.45,1
1040,69,Female,Ahmedabad,138502.0,19,34688,339,App,2,3,0.39,7.12,0
1041,20,Female,Mumbai,47800.0,34,22304,66,Store,5,3,0.41,6.79,0
1042,54,Female,Delhi,141192.0,35,43274,150,App,9,4,0.17,8.75,0
1043,68,Male,Pune,132228.0,1,40243,20,Store,4,4,0.02,5.38,0
1044,24,Female,Pune,53054.0,21,29253,33,App,3,7,0.13,2.21,0
1045,38,Male,Bangalore,38233.0,29,31980,328,Store,9,10,0.65,3.6,0
1046,26,Male,Pune,181140.0,6,3017,281,Online,1,14,0.8,6.96,1
1047,56,Male,Ahmedabad,,37,8957,46,Online,7,10,0.99,6.52,0
1048,35,Male,Pune,115610.0,1,49998,73,Online,9,2,0.35,5.78,0
1049,21,Female,Bangalore,95453.0,1,43188,354,App,6,5,0.6,7.15,0
1050,42,Female,Delhi,129135.0,27,5792,313,Online,1,11,0.94,6.74,1
1051,31,Male,Delhi,181904.0,21,14237,343,Store,5,12,0.17,8.93,1
1052,67,Male,Pune,133464.0,16,17251,133,App,7,11,0.72,6.27,1
1053,26,Male,Mumbai,38682.0,26,20252,55,Store,6,2,0.75,8.01,0
1054,43,Male,Delhi,179455.0,16,11707,61,App,0,12,0.09,3.24,1
1055,19,Female,Pune,83160.0,28,35206,345,Store,4,1,0.86,7.1,0
1056,37,Male,Bangalore,48666.0,1,29740,8,,1,7,0.81,9.12,0
1057,45,Male,Pune,,36,4543,272,App,5,0,0.03,4.47,0
1058,64,Male,Delhi,116198.0,10,45135,246,App,6,8,0.09,8.01,0
1059,24,Female,Bangalore,190714.0,17,49288,176,Online,6,10,0.05,7.52,0
1060,61,Female,Pune,66830.0,23,40111,116,Online,2,6,0.33,1.54,0
1061,25,Female,Ahmedabad,35234.0,7,36031,317,Store,6,11,0.51,6.23,1
1062,64,Female,Bangalore,82616.0,7,43929,271,Store,4,9,0.53,2.17,0
1063,52,Female,Ahmedabad,34221.0,15,1211,193,Store,7,12,0.27,9.71,1
1064,31,Male,Mumbai,167482.0,34,47577,150,App,7,14,0.91,8.3,1
1065,34,Female,Bangalore,26051.0,4,40795,131,App,6,11,0.37,1.99,1
1066,53,Female,Ahmedabad,135529.0,14,1331,102,Online,5,10,0.05,2.1,0
1067,67,Female,Delhi,101918.0,14,24244,310,,1,3,0.3,6.35,0
1068,57,Female,Delhi,103116.0,16,9169,270,Online,5,2,0.53,4.1,0
1069,21,Female,Mumbai,147226.0,7,23104,292,App,8,5,0.41,1.31,0
1070,19,Female,Bangalore,69757.0,32,42901,210,App,1,8,0.27,5.87,0
1071,23,Female,Bangalore,146008.0,19,15591,361,App,0,14,0.13,4.49,1
1072,59,Female,Bangalore,156379.0,2,32711,338,Online,4,8,0.82,1.91,1
1073,21,Female,Mumbai,81889.0,10,49893,67,App,5,3,1.0,8.22,0
1074,46,Female,Bangalore,60944.0,17,1727,10,Store,2,9,0.33,9.24,0
1075,35,Male,Delhi,124555.0,37,22359,49,Online,7,4,0.38,,0
1076,43,Female,Ahmedabad,63134.0,12,44822,111,App,6,10,0.62,8.4,0
1077,61,Male,Delhi,183395.0,6,37011,321,Online,1,12,0.72,2.95,1
1078,51,Female,Delhi,50954.0,22,38863,219,Online,6,8,0.39,3.37,0
1079,27,Female,Ahmedabad,,32,47577,57,App,0,1,0.9,2.88,0
1080,53,Female,Delhi,29992.0,20,23998,283,App,8,1,0.56,7.89,0
1081,31,Male,Mumbai,26961.0,1,11929,113,Online,6,4,0.45,9.53,0
1082,48,Male,Ahmedabad,37497.0,6,15842,133,,5,0,0.65,7.45,0
1083,65,Male,Delhi,188623.0,19,24519,71,App,1,7,0.95,8.93,0
1084,32,Female,Pune,38255.0,18,18393,83,Store,2,4,0.79,6.75,0
1085,25,Male,Delhi,160639.0,6,35318,57,Online,0,11,0.04,4.49,1
1086,31,Male,Mumbai,73847.0,33,9995,349,Online,9,9,0.33,4.83,0
1087,40,Male,Bangalore,45389.0,23,29656,271,Store,4,1,0.47,1.68,0
1088,57,Female,Delhi,148802.0,23,48934,111,App,8,11,0.31,1.28,1
1089,38,Female,Bangalore,86576.0,26,41260,357,App,5,8,0.7,7.26,0
1090,33,Male,Pune,68919.0,13,46269,76,,4,1,0.83,4.95,0
1091,62,Male,Delhi,28358.0,7,16567,158,App,2,6,0.73,5.97,0
1092,35,Female,Ahmedabad,113535.0,15,29840,20,App,4,7,0.99,6.02,0
1093,64,Female,Bangalore,130982.0,27,24831,131,Online,7,13,0.27,3.5,1
1094,41,Female,Pune,30698.0,26,14265,329,Online,1,5,0.87,5.28,0
1095,43,Male,Ahmedabad,,33,6424,122,Online,4,13,0.77,5.24,1
1096,42,Female,Ahmedabad,118079.0,15,21625,41,Store,5,10,0.36,4.5,0
1097,62,Male,Ahmedabad,80805.0,36,15086,167,App,9,6,0.73,8.39,0
1098,58,Female,Ahmedabad,187421.0,27,30187,130,App,7,10,0.1,5.06,0
1099,46,Female,Delhi,100033.0,5,36929,23,Online,7,0,0.79,6.43,0
1100,32,Male,Delhi,123239.0,2,21539,279,Online,4,3,0.53,9.06,0
1101,62,Male,Delhi,155407.0,33,26103,251,Store,8,12,0.29,8.8,1
1102,18,Female,Pune,69041.0,16,28874,9,App,3,6,0.66,9.01,0
1103,42,Female,Pune,56954.0,23,10215,13,Store,8,0,0.64,3.43,0
1104,24,Female,Pune,33002.0,38,40385,307,App,6,12,0.21,1.31,1
1105,26,Female,Mumbai,94783.0,16,23044,320,Store,5,0,0.03,3.35,0
1106,41,Female,Pune,,14,12926,52,Online,3,10,0.43,3.51,0
1107,18,Female,Delhi,149857.0,29,48860,209,Store,1,5,0.57,9.18,0
1108,61,Male,Delhi,44738.0,26,32501,38,Store,7,3,0.88,6.84,0
1109,25,Female,Mumbai,35703.0,35,30774,100,Online,5,2,0.93,1.74,0
1110,41,Male,Mumbai,138776.0,15,26008,193,App,2,11,0.53,2.22,1
1111,28,Male,Pune,168464.0,3,49928,191,App,6,14,0.75,2.4,1
1112,68,Female,Bangalore,69724.0,23,18560,51,Online,9,4,0.44,6.67,0
1113,34,Male,Mumbai,57299.0,29,25340,141,Store,6,8,0.75,7.62,0
1114,25,Male,Ahmedabad,40641.0,34,25976,168,Store,5,9,0.2,8.74,0
1115,52,Male,Delhi,104534.0,33,49406,311,Store,1,9,0.37,9.47,0
1116,52,Female,Ahmedabad,31305.0,23,28626,109,App,7,11,0.63,2.82,1
1117,50,Male,Delhi,43782.0,7,33720,207,Store,0,13,0.02,3.79,1
1118,22,Male,Delhi,103257.0,3,36001,300,App,0,13,0.72,3.16,1
1119,59,Male,Mumbai,102963.0,32,5700,110,Store,5,11,0.84,4.23,1
1120,56,Male,Mumbai,146987.0,31,44795,196,Online,4,10,0.4,9.23,0
1121,58,Male,Ahmedabad,176638.0,18,8860,152,Online,8,9,0.45,6.18,0
1122,45,Male,Delhi,149591.0,7,8526,243,App,6,2,0.85,7.64,0
1123,24,Female,Ahmedabad,92766.0,1,39327,128,App,1,4,0.78,5.41,0
1124,26,Male,Bangalore,31511.0,14,40500,105,Online,6,9,0.29,1.26,0
1125,25,Male,Ahmedabad,139816.0,32,3513,10,Online,2,4,0.32,1.58,0
1126,29,Male,Pune,182249.0,6,8830,356,Store,0,8,0.68,5.84,0
1127,51,Male,Ahmedabad,29765.0,39,15781,148,Online,7,10,0.56,,0
1128,50,Female,Pune,176426.0,10,8910,364,App,2,11,0.16,2.94,1
1129,65,Female,Pune,48929.0,7,16847,140,Online,7,9,0.31,7.5,0
1130,40,Male,Pune,184892.0,26,6649,190,App,6,10,0.9,8.3,0
1131,41,Male,Bangalore,136576.0,34,10120,94,App,1,3,0.69,4.71,0
1132,54,Male,Ahmedabad,185595.0,30,2951,229,Store,0,0,0.99,7.72,0
1133,52,Female,Ahmedabad,96088.0,36,11165,63,Store,6,9,0.77,4.64,0
1134,61,Female,Bangalore,102525.0,21,15352,340,Store,0,4,0.94,7.11,0
1135,57,Female,Delhi,38780.0,17,10746,25,Store,5,0,0.22,,0
1136,39,Male,Mumbai,31589.0,33,44738,268,Online,9,5,0.77,9.93,0
1137,44,Female,Ahmedabad,190884.0,10,29997,281,Store,9,11,0.02,4.11,1
1138,52,Male,Mumbai,118664.0,12,42954,11,Online,7,9,0.67,4.7,0
1139,18,Male,Bangalore,129188.0,16,25183,320,Store,6,9,0.47,2.49,0
1140,52,Male,Delhi,118326.0,32,9804,201,Store,3,14,0.35,2.84,1
1141,54,Male,Delhi,65953.0,15,28169,126,App,0,6,0.86,7.24,0
1142,64,Female,Delhi,90785.0,27,1595,306,Online,0,0,0.85,9.25,0
1143,31,Female,Bangalore,44309.0,28,30592,190,App,3,9,0.02,4.55,0
1144,20,Male,Pune,79195.0,17,41643,89,Store,4,3,0.61,2.62,0
1145,18,Female,Pune,50901.0,2,21823,355,Online,6,8,0.37,3.57,1
1146,22,Female,Mumbai,179648.0,36,6972,116,Store,3,12,0.42,5.1,1
1147,43,Female,Pune,187580.0,7,16882,352,App,9,0,0.83,3.62,0
1148,31,Female,Pune,50464.0,13,1858,177,Online,0,8,0.31,3.1,0
1149,56,Female,Delhi,41260.0,15,6519,14,App,9,7,0.94,7.62,0
1150,44,Female,Delhi,149997.0,25,24769,257,Store,6,4,0.18,1.07,0
1151,26,Female,Mumbai,60440.0,23,26020,209,Store,1,5,0.66,5.85,0
1152,32,Male,Ahmedabad,120082.0,22,43748,281,Store,1,6,0.67,8.14,0
1153,32,Male,Mumbai,130583.0,26,38085,328,Online,7,3,0.25,3.4,0
1154,43,Female,Mumbai,81683.0,33,20838,325,App,9,13,0.32,6.43,1
1155,59,Male,Bangalore,149206.0,11,45912,105,App,9,13,0.83,7.02,1
1156,30,Female,Bangalore,197502.0,10,13879,147,Store,9,5,0.76,6.9,0
1157,68,Male,Mumbai,158059.0,25,34798,279,App,4,6,0.33,5.01,0
1158,49,Male,Mumbai,181177.0,37,43255,9,Online,9,10,0.53,,0
1159,56,Male,Mumbai,103484.0,38,25290,118,Store,1,14,0.06,8.52,1
1160,66,Male,Pune,169098.0,24,47073,94,Store,4,5,0.21,7.83,0
1161,69,Female,Bangalore,93309.0,33,11255,144,Store,7,10,0.49,3.89,0
1162,49,Female,Mumbai,70927.0,17,2447,289,Online,5,12,0.09,1.93,1
1163,21,Female,Delhi,67946.0,24,44005,14,Store,2,14,0.84,1.65,1
1164,47,Female,Delhi,151503.0,37,30195,257,Store,7,11,0.72,1.85,1
1165,54,Male,Pune,166449.0,2,3850,346,Store,8,5,0.94,6.25,0
1166,40,Male,Pune,78592.0,32,29400,186,Store,4,1,0.69,1.46,0
1167,56,Female,Ahmedabad,163419.0,24,12953,345,App,1,4,0.94,4.03,0
1168,62,Female,Ahmedabad,58776.0,9,41874,207,Store,1,2,0.55,7.78,0
1169,32,Male,Ahmedabad,159855.0,4,24535,346,Online,6,6,0.6,3.65,1
1170,60,Male,Pune,80798.0,17,11000,172,Store,0,3,0.98,7.87,0
1171,46,Male,Pune,160370.0,17,10503,270,Store,9,0,0.64,7.71,0
1172,53,Female,Pune,95204.0,30,16493,221,App,1,11,0.03,3.21,1
1173,30,Female,Delhi,,11,5055,152,Store,9,11,0.72,7.56,1
1174,49,Male,Pune,125356.0,21,39170,111,App,3,5,0.91,7.73,0
1175,24,Female,Delhi,85652.0,21,33408,183,Online,0,5,0.8,,0
1176,68,Female,Ahmedabad,190556.0,18,43049,339,App,3,6,0.58,2.89,0
1177,39,Male,Ahmedabad,154572.0,29,35440,72,Store,9,14,0.67,5.69,1
1178,45,Female,Ahmedabad,,24,29251,283,Online,4,10,0.99,9.29,0
1179,19,Female,Mumbai,190100.0,10,5532,74,Store,8,7,0.09,6.76,0
1180,59,Male,Mumbai,176388.0,17,5924,355,App,0,14,0.67,2.56,1
1181,62,Male,Bangalore,101996.0,18,49037,215,Online,4,2,0.28,7.14,0
1182,23,Male,Bangalore,173040.0,20,13546,328,Online,1,13,0.64,4.84,1
1183,45,Male,Bangalore,55266.0,37,27579,23,App,8,5,0.61,6.32,0
1184,45,Male,Mumbai,180072.0,18,7085,68,,5,9,0.15,7.61,0
1185,61,Female,Mumbai,170083.0,17,13390,362,Online,1,1,0.21,5.63,0
1186,61,Male,Bangalore,27866.0,9,14280,93,Online,2,12,0.62,8.33,1
1187,37,Male,Bangalore,137669.0,14,25118,321,App,7,13,0.13,7.5,1
1188,47,Female,Pune,30898.0,29,5864,324,Store,0,8,0.27,6.54,0
1189,28,Female,Bangalore,43395.0,31,43084,63,Online,2,1,0.84,2.36,0
1190,45,Male,Pune,195091.0,4,34989,224,App,9,2,0.33,,0
1191,42,Male,Delhi,29006.0,18,36628,225,Store,0,11,0.49,9.42,1
1192,56,Male,Mumbai,190465.0,20,27849,346,Online,7,14,0.94,,1
1193,50,Female,Bangalore,35956.0,9,28566,337,Online,0,14,0.23,5.39,1
1194,18,Male,Mumbai,162150.0,13,11702,103,App,4,12,0.39,3.33,1
1195,44,Female,Mumbai,185703.0,15,42196,215,Store,3,9,0.61,7.79,0
1196,69,Female,Mumbai,120676.0,27,16385,192,Online,6,11,0.76,,1
1197,30,Male,Delhi,146724.0,15,10336,160,Store,4,11,0.9,2.27,1
1198,58,Female,Ahmedabad,,28,32225,207,Store,7,1,0.92,8.89,0
1199,20,Female,Bangalore,132227.0,37,37021,269,Online,0,8,0.78,2.63,0
1200,56,Male,Ahmedabad,142192.0,19,4782,194,Store,4,0,0.23,8.18,0
1201,23,Female,Ahmedabad,197646.0,26,24341,152,Online,3,4,0.02,5.11,0
1202,25,Male,Ahmedabad,56417.0,26,25094,237,Store,2,0,0.38,3.95,0
1203,44,Female,Mumbai,113020.0,25,24866,88,Online,4,4,0.14,2.42,0
1204,26,Female,Pune,108639.0,26,20049,11,App,9,7,0.71,2.51,0
1205,54,Female,Mumbai,119881.0,26,43719,187,Online,2,7,0.66,6.96,0
1206,50,Female,Mumbai,195526.0,28,31992,214,Online,7,10,0.04,5.95,0
1207,68,Female,Ahmedabad,157659.0,18,15567,15,Online,2,7,0.84,2.1,0
1208,59,Female,Mumbai,,32,45451,266,Store,0,1,0.25,2.01,0
1209,61,Female,Ahmedabad,140584.0,3,4513,297,App,8,7,0.43,1.65,1
1210,41,Female,Pune,111567.0,2,14335,73,Store,8,11,0.67,7.69,1
1211,32,Male,Bangalore,100886.0,33,45140,52,Store,5,4,0.43,7.41,0
1212,49,Male,Ahmedabad,174888.0,19,39590,128,Online,9,14,0.44,1.53,1
1213,49,Male,Pune,54432.0,17,15837,28,Store,0,0,0.07,6.04,0
1214,41,Male,Bangalore,97373.0,33,13122,65,Online,7,6,0.4,1.76,0
1215,58,Male,Delhi,190289.0,12,35840,17,App,1,12,0.76,9.13,1
1216,69,Female,Ahmedabad,45884.0,3,32007,351,Store,8,5,0.92,9.16,0
1217,66,Male,Ahmedabad,30454.0,26,42297,138,Store,7,4,0.41,7.28,0
1218,66,Female,Delhi,99960.0,35,28684,319,Store,2,0,0.42,9.34,0
1219,69,Male,Delhi,127421.0,8,27393,229,Online,4,13,0.7,8.3,1
1220,29,Female,Ahmedabad,68618.0,36,23754,254,Online,8,13,0.94,8.46,1
1221,56,Female,Delhi,72111.0,7,21799,210,Store,0,0,0.27,6.13,0
1222,19,Male,Mumbai,195685.0,36,39727,294,Store,8,5,0.44,,0
1223,20,Female,Bangalore,145592.0,16,10107,231,App,3,9,0.8,2.96,0
1224,66,Male,Bangalore,84993.0,24,6993,241,,3,11,0.61,3.94,1
1225,54,Female,Bangalore,153652.0,1,31805,70,App,3,6,0.11,6.66,0
1226,66,Male,Mumbai,164920.0,25,29114,104,App,9,9,0.63,2.55,0
1227,34,Female,Delhi,103672.0,10,38789,204,App,8,9,0.19,3.33,0
1228,66,Male,Pune,91125.0,16,47314,53,Online,5,0,0.51,5.21,0
1229,19,Female,Delhi,142509.0,16,43942,330,App,7,8,0.53,3.1,0
1230,19,Female,Ahmedabad,86602.0,8,17138,54,App,3,14,0.88,6.3,1
1231,45,Male,Bangalore,67222.0,29,45527,276,Store,2,3,0.46,9.31,0
1232,40,Male,Delhi,74223.0,39,10190,335,Online,0,4,0.28,7.73,0
1233,54,Male,Pune,,28,27723,31,App,9,1,0.23,7.0,0
1234,49,Male,Ahmedabad,147650.0,6,13886,135,App,6,13,0.87,6.24,1
1235,50,Female,Mumbai,74420.0,16,17779,58,App,3,11,0.17,5.39,1
1236,18,Male,Mumbai,100504.0,20,29174,105,Store,7,9,0.43,2.68,0
1237,36,Male,Pune,27462.0,16,30086,266,Store,2,12,0.19,9.05,1
1238,19,Male,Ahmedabad,34460.0,7,18322,10,Store,0,7,0.77,3.24,0
1239,61,Female,Bangalore,124319.0,14,43596,253,App,4,13,0.47,1.82,1
1240,43,Male,Delhi,165347.0,26,36278,295,Store,1,1,0.35,7.75,0
1241,49,Male,Ahmedabad,169341.0,26,19033,156,App,2,2,0.36,2.58,0
1242,23,Male,Mumbai,154593.0,14,21074,158,Online,5,14,0.85,,1
1243,49,Male,Pune,147672.0,7,4435,37,App,2,11,0.55,1.25,1
1244,21,Female,Pune,97920.0,33,36969,119,Store,2,14,0.72,2.23,1
1245,28,Male,Delhi,47553.0,26,29942,67,Online,5,8,0.9,2.56,0
1246,34,Male,Pune,180438.0,20,30059,242,App,4,1,0.9,1.49,0
1247,55,Female,Pune,,3,48921,299,Online,9,13,0.33,6.91,1
1248,41,Female,Ahmedabad,173441.0,4,33826,213,Online,8,5,0.95,8.53,0
1249,22,Male,Bangalore,167867.0,26,31297,308,Online,0,11,0.02,4.36,1
1250,69,Female,Delhi,95021.0,11,44890,101,App,2,3,0.38,8.87,0
1251,51,Female,Ahmedabad,132205.0,2,22322,56,Store,2,6,0.9,2.92,0
1252,23,Male,Bangalore,186215.0,14,36739,332,App,5,13,0.27,3.93,1
1253,39,Female,Ahmedabad,185497.0,30,10719,324,Store,7,13,0.27,2.36,1
1254,28,Female,Ahmedabad,113209.0,12,15017,239,App,2,5,0.3,6.59,0
1255,65,Male,Pune,100139.0,26,9314,231,App,2,9,0.61,4.78,0
1256,33,Male,Bangalore,30368.0,33,29295,362,App,5,13,0.44,6.52,1
1257,50,Male,Delhi,160693.0,13,10628,92,Store,7,8,0.73,7.86,0
1258,26,Female,Delhi,83829.0,14,43122,279,App,5,13,0.89,5.91,1
1259,23,Female,Bangalore,,24,12492,109,Online,9,8,0.67,6.65,0
1260,33,Female,Pune,39719.0,34,37113,317,App,2,9,0.2,9.42,0
1261,46,Male,Mumbai,54227.0,26,16357,168,Online,3,3,0.93,3.69,0
1262,20,Female,Ahmedabad,134430.0,21,34329,300,Store,0,0,0.26,4.23,0
1263,37,Female,Pune,163638.0,28,21365,218,,7,1,0.15,7.46,0
1264,53,Male,Bangalore,37306.0,36,40029,222,App,3,7,0.09,6.5,0
1265,36,Male,Ahmedabad,78822.0,2,2737,161,App,5,13,0.56,2.61,1
1266,43,Female,Delhi,49042.0,9,10096,16,App,2,9,0.11,4.39,0
1267,20,Male,Mumbai,171158.0,23,20938,278,Online,5,7,0.14,5.21,0
1268,36,Female,Delhi,173459.0,15,13682,57,Store,8,13,0.3,4.77,1
1269,37,Male,Bangalore,183114.0,13,28499,62,,8,14,0.28,2.6,1
1270,49,Male,Ahmedabad,114424.0,23,45491,363,Online,9,1,0.6,9.32,0
1271,24,Male,Bangalore,174395.0,17,45866,327,App,2,3,0.82,7.86,0
1272,69,Male,Ahmedabad,43019.0,2,42894,242,App,2,0,0.76,5.33,0
1273,58,Female,Pune,100426.0,20,47157,90,Online,3,6,0.26,7.12,0
1274,50,Male,Mumbai,65863.0,20,42034,72,Online,6,3,0.25,9.08,0
1275,57,Female,Pune,136023.0,3,1294,326,,2,10,0.97,2.23,1
1276,56,Female,Pune,166355.0,12,33536,30,,9,13,0.01,3.25,1
1277,35,Female,Bangalore,174351.0,2,25596,359,Online,7,7,0.88,5.88,0
1278,57,Male,Mumbai,71999.0,36,33649,288,App,7,8,0.2,8.19,0
1279,18,Female,Ahmedabad,87780.0,14,12434,86,App,5,11,0.95,1.33,1
1280,28,Female,Ahmedabad,47908.0,16,39098,234,Online,3,8,0.34,9.86,0
1281,45,Male,Delhi,151278.0,19,5655,235,Online,4,2,0.44,5.09,0
1282,42,Male,Ahmedabad,138002.0,34,18493,313,Store,1,4,0.71,4.23,0
1283,67,Female,Bangalore,,6,47228,265,Online,5,5,0.59,3.63,0
1284,40,Female,Pune,125706.0,13,4771,287,App,2,5,0.32,2.57,0
1285,48,Male,Pune,193735.0,36,9563,327,Online,5,9,0.55,8.12,0
1286,47,Female,Pune,147019.0,22,18558,269,,4,7,0.73,9.6,0
1287,59,Female,Mumbai,134708.0,18,34932,186,Online,1,5,0.04,4.72,0
1288,52,Female,Ahmedabad,34343.0,12,43243,131,Store,4,5,0.01,9.57,0
1289,24,Female,Bangalore,101173.0,30,27567,291,Store,4,3,0.46,8.41,0
1290,33,Female,Mumbai,125260.0,7,33376,277,App,8,6,0.13,5.33,0
1291,43,Male,Delhi,195863.0,32,22922,320,Store,7,13,0.66,7.07,1
1292,65,Male,Bangalore,185206.0,19,13388,351,Online,6,13,0.21,,1
1293,69,Male,Bangalore,94443.0,6,30332,180,Store,2,7,0.43,6.03,0
1294,66,Female,Bangalore,82530.0,20,47737,290,Online,9,2,0.2,1.52,0
1295,19,Female,Pune,160899.0,27,24495,163,Store,3,6,0.55,7.27,0
1296,18,Male,Bangalore,121143.0,37,9434,271,Store,5,2,0.12,1.48,0
1297,65,Female,Ahmedabad,169771.0,7,21991,96,Store,2,7,0.02,8.35,0
1298,29,Female,Bangalore,139527.0,5,28472,262,Online,8,0,0.05,8.42,0
1299,22,Female,Pune,161385.0,11,41030,353,Store,7,0,0.95,3.13,0
1300,54,Male,Bangalore,169670.0,15,27849,288,Online,5,13,0.14,3.91,1
1301,49,Female,Delhi,136362.0,3,2541,83,Online,3,5,0.71,5.33,0
1302,26,Male,Delhi,53807.0,5,3765,225,App,6,9,0.07,6.37,0
1303,58,Male,Pune,84550.0,23,44074,223,Store,2,8,0.11,3.59,0
1304,52,Male,Ahmedabad,28558.0,37,38259,118,App,9,11,0.51,6.33,1
1305,36,Male,Ahmedabad,75113.0,9,30283,192,App,7,13,0.46,3.68,1
1306,65,Male,Mumbai,77999.0,15,36851,79,Online,0,3,0.95,1.5,0
1307,33,Female,Pune,192415.0,3,35625,78,Store,2,5,0.94,1.02,0
1308,20,Male,Bangalore,83219.0,29,1769,147,Online,4,11,0.78,1.91,1
1309,37,Female,Pune,191258.0,6,18806,107,Online,4,4,0.6,8.13,0
1310,41,Male,Mumbai,193038.0,17,25982,271,Store,9,11,0.45,9.65,1
1311,50,Female,Pune,189841.0,26,3972,244,Online,1,14,0.36,4.84,1
1312,41,Female,Pune,78218.0,21,19256,73,Store,9,0,0.95,,0
1313,69,Male,Mumbai,44229.0,8,39367,357,Store,7,5,0.6,2.32,0
1314,28,Male,Ahmedabad,100209.0,21,19653,354,Online,4,8,0.58,5.96,0
1315,66,Male,Bangalore,52877.0,11,39043,26,Online,6,14,0.23,2.3,1
1316,25,Female,Mumbai,122137.0,38,22133,210,App,6,14,0.05,6.5,1
1317,53,Female,Delhi,63084.0,8,40339,92,Online,4,11,0.95,,1
1318,55,Male,Ahmedabad,106780.0,24,26757,125,,7,2,0.31,,0
1319,57,Female,Delhi,172878.0,35,38840,73,,8,10,0.44,7.88,0
1320,37,Male,Ahmedabad,62034.0,14,43399,123,Store,3,14,0.11,1.21,1
1321,52,Male,Bangalore,196389.0,14,45013,309,App,3,2,0.84,4.38,0
1322,65,Female,Bangalore,80468.0,10,33069,184,Online,7,13,0.03,2.0,1
1323,42,Male,Pune,175166.0,12,15706,187,Online,0,1,0.83,4.17,0
1324,52,Female,Delhi,35589.0,38,39231,198,Online,3,12,0.14,2.56,1
1325,42,Male,Ahmedabad,82221.0,34,28909,78,,5,3,0.89,4.36,0
1326,46,Female,Bangalore,26657.0,10,41218,348,,3,9,0.73,4.76,0
1327,35,Male,Mumbai,123300.0,17,12095,186,Store,5,2,0.16,3.71,0
1328,63,Male,Bangalore,142229.0,17,21343,344,App,4,11,0.57,6.91,1
1329,35,Female,Mumbai,,3,27469,253,Online,8,1,0.31,9.27,0
1330,19,Male,Ahmedabad,77227.0,31,2313,13,Store,9,0,0.18,4.61,0
1331,52,Female,Bangalore,28164.0,1,8847,299,Online,8,2,0.86,2.73,1
1332,33,Female,Bangalore,118078.0,12,10166,76,Store,3,9,0.4,3.44,0
1333,58,Female,Ahmedabad,66247.0,39,10930,51,Online,3,5,0.4,8.69,0
1334,53,Female,Bangalore,175673.0,4,4285,275,Store,7,8,0.17,6.14,0
1335,50,Female,Mumbai,75599.0,13,36863,149,Store,9,10,0.38,5.1,0
1336,21,Female,Bangalore,160624.0,34,17704,219,App,3,4,0.87,2.35,0
1337,50,Female,Delhi,165489.0,21,19705,122,Online,1,14,0.36,5.05,1
1338,31,Female,Pune,93207.0,22,1555,211,,1,2,0.95,3.51,0
1339,38,Male,Mumbai,97055.0,4,22323,280,App,0,13,0.95,,1
1340,65,Male,Delhi,127266.0,18,6432,26,Online,4,4,0.14,8.96,0
1341,37,Female,Ahmedabad,103270.0,5,2386,173,Store,5,4,0.18,1.76,0
1342,25,Male,Mumbai,136426.0,19,45007,156,App,8,4,0.86,5.65,0
1343,24,Male,Pune,159794.0,2,11619,238,Online,4,11,0.39,3.03,1
1344,20,Male,Pune,95442.0,12,7854,82,,5,11,0.0,4.7,1
1345,34,Male,Ahmedabad,120632.0,17,43964,356,App,5,6,0.27,8.89,0
1346,50,Female,Ahmedabad,196103.0,10,49801,273,App,2,4,0.6,5.75,0
1347,65,Female,Mumbai,,34,8637,68,App,3,6,0.8,4.01,0
1348,29,Male,Bangalore,83819.0,6,22225,44,Store,0,8,0.13,2.87,0
1349,68,Female,Ahmedabad,68856.0,8,46730,61,App,3,4,0.11,8.2,0
1350,39,Female,Bangalore,189648.0,11,27739,123,Store,0,1,0.92,6.62,0
1351,39,Male,Delhi,66938.0,12,48708,349,App,4,4,0.75,5.21,0
1352,63,Female,Pune,84807.0,9,11618,196,Online,7,7,0.59,2.96,0
1353,47,Male,Bangalore,74877.0,2,37561,330,App,7,11,0.77,4.01,1
1354,55,Male,Pune,68461.0,8,8373,323,Online,4,3,0.43,9.64,0
1355,55,Female,Bangalore,118474.0,11,36281,111,Online,9,1,0.76,5.68,0
1356,62,Male,Delhi,196541.0,36,21187,258,Online,1,9,0.37,4.61,0
1357,68,Female,Ahmedabad,108136.0,10,3327,89,Store,5,2,0.24,5.69,0
1358,25,Female,Delhi,45435.0,21,33391,198,Online,0,8,0.73,8.01,0
1359,44,Male,Ahmedabad,170263.0,20,42577,282,App,6,8,0.42,4.06,0
1360,44,Female,Ahmedabad,109726.0,8,19549,200,Store,3,7,0.98,2.61,0
1361,51,Female,Pune,183458.0,36,40220,99,Online,4,7,0.35,6.26,0
1362,38,Male,Delhi,187793.0,29,8642,27,Store,5,7,0.92,6.99,0
1363,47,Female,Bangalore,79786.0,12,15435,89,Store,0,7,0.93,7.41,0
1364,50,Female,Delhi,38704.0,14,34760,146,Store,8,7,0.24,8.94,0
1365,45,Female,Pune,81635.0,21,39192,182,App,9,0,0.8,4.34,0
1366,64,Female,Ahmedabad,158195.0,22,5381,257,Online,3,5,0.43,1.68,0
1367,50,Male,Pune,115710.0,21,32047,189,Store,7,11,0.92,9.63,1
1368,22,Female,Mumbai,87993.0,30,20558,240,Store,4,8,0.45,4.92,0
1369,65,Female,Mumbai,137752.0,39,31782,359,Store,7,7,0.74,6.61,0
1370,36,Female,Bangalore,181488.0,20,5782,196,Online,0,2,0.47,7.0,0
1371,21,Female,Pune,157886.0,24,26881,297,Store,7,10,0.23,5.92,0
1372,52,Female,Bangalore,103537.0,23,41228,165,Store,3,0,0.2,,0
1373,66,Male,Bangalore,75258.0,7,30409,307,App,1,1,0.43,7.8,0
1374,34,Female,Mumbai,172580.0,9,20462,271,Online,5,10,0.76,,0
1375,61,Female,Bangalore,110166.0,1,3983,8,App,1,14,0.61,5.98,1
1376,45,Female,Mumbai,138710.0,26,32933,38,Online,4,1,0.69,5.4,0
1377,47,Female,Ahmedabad,60699.0,38,47950,114,Online,1,6,0.28,2.03,0
1378,46,Male,Pune,71335.0,38,3523,339,Online,2,11,0.48,1.76,1
1379,63,Male,Bangalore,71806.0,22,10677,56,App,5,5,0.04,4.06,0
1380,23,Male,Mumbai,102853.0,10,11292,359,App,0,10,0.82,3.8,0
1381,52,Male,Delhi,60739.0,6,16089,138,,5,1,0.99,9.58,0
1382,58,Female,Bangalore,59785.0,17,5581,102,App,2,7,0.41,8.05,0
1383,54,Female,Ahmedabad,,38,12907,334,Store,6,14,0.01,6.94,1
1384,41,Female,Ahmedabad,110016.0,24,6609,177,Store,1,8,0.17,5.66,0
1385,46,Male,Delhi,157681.0,10,45143,169,Store,5,14,0.65,2.51,1
1386,66,Female,Mumbai,91253.0,8,23936,339,Online,7,6,0.61,9.81,0
1387,63,Male,Bangalore,116128.0,21,43725,286,,0,3,0.79,4.38,0
1388,48,Male,Mumbai,184213.0,6,46723,261,Online,8,12,0.25,1.96,1
1389,52,Female,Ahmedabad,186081.0,21,34988,223,App,4,12,0.76,5.44,1
1390,50,Female,Mumbai,152581.0,39,30506,199,Online,4,0,0.69,8.87,0
1391,69,Male,Ahmedabad,135966.0,24,14163,211,Online,4,3,0.32,8.99,0
1392,38,Male,Mumbai,162854.0,33,47057,287,Store,5,3,0.55,1.1,0
1393,49,Male,Delhi,124352.0,18,13537,180,App,1,7,0.15,8.98,0
1394,40,Male,Pune,182005.0,28,23419,250,App,5,3,0.45,3.44,0
1395,50,Female,Delhi,102154.0,32,43578,231,Store,3,3,0.88,1.35,0
1396,20,Male,Delhi,164379.0,12,10455,23,App,7,12,0.42,,1
1397,35,Female,Pune,133297.0,27,10063,48,App,8,1,0.84,8.77,0
1398,42,Male,Pune,63346.0,10,1834,109,App,8,11,0.59,6.37,1
1399,59,Male,Bangalore,137138.0,32,33214,296,Store,7,9,0.19,6.17,0
1400,48,Male,Bangalore,,26,28398,6,App,2,6,0.58,8.32,0
1401,20,Male,Delhi,65149.0,25,35492,38,Online,9,14,0.51,8.08,1
1402,57,Male,Delhi,111700.0,11,3413,169,Online,3,3,0.4,9.01,0
1403,63,Male,Ahmedabad,183598.0,23,10505,356,App,0,10,0.12,5.97,0
1404,41,Female,Ahmedabad,121758.0,34,38266,283,Store,8,5,0.42,9.71,0
1405,67,Male,Bangalore,153447.0,23,3105,203,Store,4,2,0.07,9.97,0
1406,49,Female,Bangalore,30695.0,29,3568,325,Store,5,6,0.1,,0
1407,64,Male,Ahmedabad,64169.0,31,43098,313,App,2,5,0.42,8.65,0
1408,39,Female,Ahmedabad,72947.0,7,38679,273,,9,2,0.31,5.5,0
1409,40,Female,Mumbai,70865.0,33,34560,244,Online,7,3,0.93,4.49,0
1410,19,Female,Mumbai,181625.0,21,15195,327,Store,6,9,0.38,6.52,0
1411,44,Female,Ahmedabad,129501.0,2,47669,47,Online,0,13,0.76,1.5,1
1412,59,Male,Mumbai,85410.0,18,16762,249,,9,4,0.53,5.56,0
1413,19,Female,Pune,128754.0,33,42294,79,Store,4,8,0.7,8.84,0
1414,43,Male,Bangalore,115895.0,37,16898,110,App,9,13,0.26,2.92,1
1415,34,Female,Bangalore,180888.0,34,22577,13,App,8,5,0.94,4.84,0
1416,57,Male,Ahmedabad,75705.0,20,2214,90,,5,12,0.53,,1
1417,50,Male,Delhi,140700.0,35,21803,342,Online,7,3,0.83,4.86,0
1418,26,Female,Ahmedabad,98914.0,18,49114,348,Online,9,10,0.37,4.23,0
1419,60,Female,Mumbai,26881.0,24,24698,280,Online,0,10,0.1,4.96,0
1420,65,Female,Delhi,195639.0,8,33980,221,Store,9,6,0.67,5.68,0
1421,56,Female,Mumbai,72365.0,30,2658,73,Online,6,1,0.01,6.69,0
1422,46,Female,Pune,104211.0,10,13270,234,Online,2,3,0.48,,0
1423,59,Male,Mumbai,181078.0,23,47797,260,App,8,4,0.19,5.07,0
1424,43,Male,Pune,66198.0,11,38792,113,App,5,3,0.63,8.36,0
1425,52,Male,Pune,178903.0,2,46807,46,App,4,3,0.98,5.8,0
1426,67,Male,Mumbai,125649.0,26,23301,274,Store,7,10,0.46,4.05,0
1427,42,Female,Mumbai,172531.0,36,6141,43,Store,7,12,0.82,,1
1428,41,Male,Pune,188515.0,33,39756,208,App,2,8,0.51,7.46,0
1429,30,Female,Delhi,198388.0,13,14777,349,App,1,13,0.5,6.02,1
1430,24,Male,Pune,161949.0,25,39346,103,Online,1,10,0.93,1.51,0
1431,53,Female,Bangalore,64553.0,4,30441,124,Online,4,12,0.89,2.53,1
1432,62,Female,Pune,160994.0,19,48819,10,Store,9,1,0.79,3.57,0
1433,37,Male,Delhi,147778.0,18,29469,329,Store,6,5,0.3,3.54,0
1434,18,Male,Bangalore,142018.0,37,4845,187,Online,7,13,0.55,7.06,1
1435,25,Male,Ahmedabad,160758.0,30,45650,31,App,9,7,0.22,1.17,0
1436,63,Male,Ahmedabad,57766.0,19,24290,156,Online,7,7,0.44,7.8,0
1437,33,Male,Delhi,,23,48015,60,Store,7,10,0.48,3.39,0
1438,31,Male,Pune,56422.0,16,31699,249,Store,9,6,0.83,3.79,0
1439,29,Male,Mumbai,141590.0,1,45252,270,Online,2,9,0.9,5.75,0
1440,68,Female,Delhi,37205.0,12,34146,217,Online,1,10,0.41,2.94,0
1441,40,Female,Bangalore,179599.0,24,4293,2,Online,3,3,0.02,8.96,0
1442,32,Female,Bangalore,174515.0,34,45398,24,Store,0,6,0.86,1.77,0
1443,45,Male,Ahmedabad,172596.0,8,47428,206,App,2,12,0.17,5.0,1
1444,51,Female,Bangalore,141477.0,18,17608,320,Online,8,9,0.62,8.64,0
1445,19,Male,Delhi,53202.0,5,1737,199,Store,6,5,0.02,6.54,0
1446,49,Male,Bangalore,86692.0,26,17619,356,Store,6,10,0.4,3.63,0
1447,40,Female,Delhi,45855.0,30,13470,114,Store,0,5,0.99,4.79,0
1448,39,Male,Mumbai,50095.0,13,23372,280,,6,1,0.1,7.36,0
1449,68,Female,Ahmedabad,194796.0,19,17117,155,Online,9,7,0.42,9.76,0
1450,42,Female,Bangalore,74241.0,29,15779,165,App,6,7,0.31,9.04,0
1451,39,Male,Delhi,128119.0,3,30294,222,Store,3,13,0.91,4.08,1
1452,39,Male,Pune,77003.0,26,22630,91,Online,6,10,0.87,9.98,0
1453,66,Male,Ahmedabad,119837.0,12,41039,167,Store,7,6,0.24,1.03,0
1454,69,Female,Mumbai,119283.0,2,13178,207,Store,2,10,0.08,1.25,1
1455,59,Male,Delhi,172044.0,11,20935,282,App,9,8,0.63,8.41,0
1456,23,Male,Mumbai,148805.0,28,48258,65,Online,1,7,0.34,2.8,0
1457,32,Male,Mumbai,118846.0,18,23784,4,Online,6,13,0.67,1.55,1
1458,60,Female,Bangalore,47927.0,13,24027,157,Store,4,8,0.03,3.13,0
1459,54,Male,Bangalore,145589.0,37,32008,249,Store,4,14,0.13,4.83,1
1460,50,Male,Delhi,140657.0,22,47631,257,App,4,8,0.69,7.58,0
1461,25,Female,Pune,91630.0,12,2823,235,App,6,5,0.21,6.62,0
1462,61,Female,Delhi,129428.0,2,7852,306,App,8,1,0.86,3.14,1
1463,61,Male,Pune,147035.0,37,14072,74,App,7,11,0.06,5.53,1
1464,22,Male,Mumbai,151244.0,7,12133,187,App,5,6,0.22,9.34,0
1465,56,Male,Ahmedabad,94518.0,26,16111,62,App,6,2,1.0,8.34,0
1466,21,Female,Delhi,106326.0,26,33312,337,Store,8,12,0.43,3.91,1
1467,23,Male,Delhi,168277.0,24,25161,164,App,5,6,0.7,9.84,0
1468,62,Female,Pune,145243.0,12,40287,56,Store,0,8,0.18,7.38,0
1469,49,Female,Mumbai,,16,2777,111,Store,3,9,0.61,1.56,0
1470,69,Female,Mumbai,177169.0,23,25014,218,Online,7,13,0.73,1.32,1
1471,47,Male,Pune,159164.0,9,15772,240,Store,6,9,0.31,2.52,0
1472,64,Female,Mumbai,78311.0,32,47389,21,Store,2,1,0.83,7.55,0
1473,52,Female,Bangalore,47692.0,15,45627,141,App,9,13,0.6,2.65,1
1474,57,Female,Ahmedabad,149954.0,37,19161,265,Store,2,12,0.39,5.6,1
1475,69,Male,Delhi,179934.0,13,43264,139,App,2,5,0.56,1.84,0
1476,33,Female,Ahmedabad,155035.0,5,8490,70,App,0,12,0.58,9.29,1
1477,30,Male,Delhi,104507.0,11,42661,118,App,9,5,0.17,4.1,0
1478,67,Male,Bangalore,105152.0,10,25502,198,Online,0,8,0.4,9.17,0
1479,59,Male,Mumbai,29926.0,13,36757,205,App,5,12,0.34,9.5,1
1480,47,Female,Pune,28969.0,15,42111,214,Store,0,8,0.4,1.06,0
1481,36,Male,Bangalore,,7,33737,56,App,4,14,0.76,5.18,1
1482,34,Male,Ahmedabad,94855.0,28,18709,287,App,3,12,0.48,1.22,1
1483,36,Male,Pune,66743.0,32,45682,293,App,4,4,0.94,9.18,0
1484,45,Male,Mumbai,155193.0,35,9998,175,Online,6,13,0.29,5.67,1
1485,43,Female,Bangalore,195948.0,15,29906,347,Store,5,4,0.42,1.67,0
1486,54,Female,Pune,132445.0,36,36490,128,Online,8,8,0.79,1.99,0
1487,43,Male,Bangalore,45323.0,21,5656,325,Store,5,7,0.55,4.45,0
1488,40,Male,Bangalore,41428.0,6,37901,292,Online,8,6,0.55,9.46,0
1489,26,Female,Mumbai,59578.0,1,26735,288,Store,3,7,0.05,7.24,0
1490,29,Male,Delhi,111486.0,4,30092,226,Online,0,5,0.4,,0
1491,18,Male,Pune,89140.0,11,2242,64,App,0,2,0.27,4.3,0
1492,18,Female,Mumbai,132325.0,26,42307,48,,9,6,1.0,1.39,0
1493,64,Female,Bangalore,108829.0,37,2831,202,Online,6,7,0.31,9.77,0
1494,51,Male,Mumbai,,23,29511,337,App,2,14,0.88,1.15,1
1495,49,Female,Delhi,153867.0,29,8246,60,App,1,7,0.68,9.53,0
1496,65,Male,Pune,191421.0,21,32467,257,Store,5,0,0.34,4.32,0
1497,42,Female,Delhi,156763.0,27,19302,65,,5,6,0.54,1.09,0
1498,57,Male,Ahmedabad,120598.0,39,4232,239,,6,2,0.84,7.2,0
1499,62,Male,Pune,82062.0,13,37526,289,Online,4,1,0.88,9.82,0
1500,18,Male,Delhi,169933.0,23,39765,38,Store,7,13,0.16,9.69,1
1501,33,Female,Bangalore,113302.0,16,11972,25,Online,6,1,0.34,2.45,0
1502,56,Female,Pune,88928.0,30,49136,59,Online,1,13,0.34,2.63,1
1503,22,Male,Pune,66347.0,4,35592,357,Store,0,14,0.04,6.09,1
1504,39,Male,Mumbai,28121.0,16,11683,297,Store,8,13,0.6,6.74,1
1505,46,Female,Bangalore,108793.0,31,24664,158,Online,4,7,0.85,7.65,0
1506,20,Male,Ahmedabad,,25,37828,57,App,4,8,0.38,2.63,0
1507,29,Male,Delhi,50491.0,12,34172,48,App,9,2,0.74,9.63,0
1508,43,Female,Mumbai,84222.0,26,19105,328,Online,3,13,0.63,6.75,1
1509,33,Male,Delhi,179237.0,37,22700,56,Store,1,2,0.38,8.62,0
1510,68,Female,Ahmedabad,28748.0,33,12017,65,Online,4,5,0.14,5.86,0
1511,54,Female,Ahmedabad,51553.0,28,37613,268,Online,1,10,0.71,4.73,0
1512,39,Male,Pune,141547.0,9,21594,69,Store,6,9,0.85,9.79,0
1513,46,Male,Ahmedabad,85380.0,12,12384,216,App,8,0,0.69,6.24,0
1514,31,Male,Delhi,69331.0,5,31348,89,Online,8,5,0.02,8.8,0
1515,45,Female,Bangalore,145617.0,28,17448,281,App,5,11,0.22,9.58,1
1516,22,Female,Bangalore,64560.0,35,10491,257,App,0,2,0.07,7.08,0
1517,64,Female,Pune,78865.0,5,14112,160,Store,5,10,0.57,5.94,0
1518,66,Male,Delhi,100910.0,34,32021,234,Online,4,3,0.76,1.03,0
1519,47,Female,Delhi,160747.0,34,45553,131,Online,3,8,0.11,1.36,0
1520,63,Female,Ahmedabad,102986.0,13,1968,49,App,5,2,0.84,2.81,0
1521,69,Female,Delhi,35068.0,39,1368,147,,5,0,0.56,2.67,0
1522,22,Female,Mumbai,79460.0,14,9424,316,Store,5,2,0.69,3.29,0
1523,29,Female,Ahmedabad,125766.0,11,36010,2,App,1,6,0.97,3.74,0
1524,33,Female,Mumbai,71418.0,38,36851,329,Store,6,12,0.08,4.24,1
1525,43,Female,Pune,51206.0,4,26496,145,Online,3,6,0.9,4.78,0
1526,43,Male,Bangalore,,33,31936,61,Store,8,10,0.13,1.89,0
1527,65,Male,Pune,25287.0,7,14322,273,App,9,4,0.39,1.38,0
1528,38,Female,Bangalore,47337.0,8,2469,49,Online,1,13,0.85,7.07,1
1529,56,Male,Pune,176738.0,37,38493,332,Store,4,0,0.91,5.84,0
1530,53,Female,Delhi,157233.0,10,5259,131,Online,3,10,0.51,5.0,0
1531,50,Female,Mumbai,125667.0,15,37390,43,Store,8,7,0.59,6.71,0
1532,47,Female,Bangalore,115071.0,38,11292,57,App,3,9,0.71,8.45,0
1533,54,Male,Ahmedabad,,15,27841,50,App,7,7,0.83,4.85,0
1534,40,Male,Mumbai,194823.0,5,29365,178,Online,7,9,0.12,6.77,0
1535,27,Male,Ahmedabad,131511.0,29,18207,293,Online,5,11,0.81,9.58,1
1536,22,Female,Mumbai,,19,37199,46,Online,5,9,0.48,8.56,0
1537,53,Female,Mumbai,28178.0,10,23912,170,Store,7,12,0.45,4.83,1
1538,51,Female,Pune,56831.0,12,37919,271,App,9,9,0.42,6.8,0
1539,69,Male,Bangalore,158248.0,4,37981,336,Online,8,1,0.51,2.59,1
1540,48,Female,Bangalore,128306.0,31,16235,139,Online,4,9,0.95,6.04,0
1541,27,Female,Mumbai,189726.0,18,42757,247,Online,0,2,0.55,9.83,0
1542,36,Male,Delhi,182699.0,16,34547,148,Store,0,3,0.95,5.66,0
1543,49,Female,Delhi,137025.0,36,49119,230,Online,1,0,0.18,9.35,0
1544,18,Male,Ahmedabad,115417.0,25,44810,280,Online,9,3,0.72,4.67,0
1545,22,Male,Ahmedabad,191494.0,23,20276,125,Store,9,4,0.81,,0
1546,62,Female,Pune,36984.0,12,32923,192,Store,4,2,0.68,6.21,0
1547,21,Male,Mumbai,114312.0,34,6534,80,Online,3,13,0.61,1.38,1
1548,33,Female,Ahmedabad,108291.0,36,27469,94,Online,0,10,0.56,6.28,0
1549,41,Female,Ahmedabad,32135.0,37,37074,226,Store,3,14,0.86,3.47,1
1550,33,Female,Mumbai,25320.0,3,36670,65,App,3,9,0.82,1.29,0
1551,19,Male,Pune,177756.0,9,33563,88,Store,9,1,0.12,8.39,0
1552,66,Female,Ahmedabad,113774.0,18,47159,88,App,3,12,0.85,3.48,1
1553,45,Female,Pune,177961.0,35,37486,201,Online,0,5,0.41,8.17,0
1554,49,Female,Bangalore,123071.0,34,1021,214,Online,8,7,0.25,3.59,0
1555,44,Male,Pune,,14,35268,204,App,2,6,0.87,2.75,0
1556,37,Male,Delhi,195393.0,4,42802,89,Store,3,10,0.43,9.77,0
1557,41,Female,Delhi,134863.0,29,16799,61,Online,4,13,0.81,4.25,1
1558,29,Male,Pune,66777.0,15,27336,271,App,6,0,0.26,6.41,0
1559,67,Female,Delhi,71250.0,28,4641,94,Store,5,3,0.0,6.49,0
1560,52,Female,Bangalore,98034.0,16,22596,307,App,4,2,0.5,6.04,0
1561,50,Male,Mumbai,129940.0,12,33959,27,Store,7,5,0.1,9.23,0
1562,50,Female,Delhi,65130.0,5,14306,214,Store,0,8,0.75,7.07,0
1563,68,Female,Delhi,158609.0,34,47182,74,Store,6,8,0.28,4.63,0
1564,60,Female,Pune,40216.0,1,9587,61,Store,5,6,0.44,8.76,0
1565,54,Female,Bangalore,109149.0,39,32359,186,App,4,14,0.09,2.63,1
1566,29,Female,Mumbai,28009.0,32,22498,31,App,6,11,0.29,5.9,1
1567,20,Male,Pune,114904.0,26,5662,219,App,2,8,0.78,9.55,0
1568,18,Male,Pune,185399.0,17,38094,12,App,0,7,0.15,6.63,0
1569,50,Female,Bangalore,170281.0,27,42833,302,App,8,4,0.65,8.35,0
1570,57,Male,Mumbai,40029.0,24,28197,32,Store,1,8,0.92,6.88,0
1571,27,Male,Bangalore,127171.0,35,21719,160,Online,9,13,0.68,8.55,1
1572,60,Male,Mumbai,139456.0,39,25665,237,Online,2,6,0.81,9.5,0
1573,61,Female,Bangalore,87559.0,26,44239,227,App,7,4,0.11,3.46,0
1574,46,Female,Pune,89892.0,38,26032,181,App,9,14,0.25,2.53,1
1575,30,Female,Pune,95409.0,23,13641,317,Online,8,7,0.89,5.36,0
1576,29,Female,Ahmedabad,164707.0,22,42964,46,Store,2,14,0.72,7.32,1
1577,48,Female,Delhi,58065.0,4,31028,341,App,5,6,0.64,3.04,1
1578,63,Male,Bangalore,145544.0,9,46494,80,Store,6,8,0.66,1.04,0
1579,19,Female,Ahmedabad,132340.0,4,16651,135,,0,9,0.41,4.09,0
1580,68,Male,Delhi,58783.0,7,9536,260,Online,6,0,0.04,9.72,0
1581,67,Female,Bangalore,59152.0,23,46712,308,App,3,14,0.78,7.25,1
1582,52,Female,Mumbai,83741.0,2,7273,247,Store,4,12,0.68,4.61,1
1583,40,Male,Delhi,132049.0,24,7284,159,App,7,8,0.47,2.73,0
1584,34,Male,Pune,54092.0,31,26692,203,Online,3,14,0.9,4.2,1
1585,43,Male,Ahmedabad,173725.0,31,9817,112,Store,3,6,0.34,2.53,0
1586,25,Male,Delhi,196541.0,34,29955,292,App,7,0,0.29,1.96,0
1587,46,Male,Delhi,111483.0,24,27555,310,App,4,0,0.87,,0
1588,43,Female,Pune,146585.0,26,21378,119,App,5,4,0.8,9.98,0
1589,27,Female,Bangalore,84754.0,16,42182,17,,4,7,0.51,2.48,0
1590,43,Female,Mumbai,186050.0,13,18127,331,App,0,8,0.13,1.49,0
1591,51,Female,Pune,112592.0,15,18952,227,Store,6,11,0.22,3.97,1
1592,68,Female,Mumbai,119543.0,27,12539,361,,5,5,0.66,5.15,0
1593,58,Female,Bangalore,68169.0,4,47761,117,Online,1,11,0.39,,1
1594,24,Male,Delhi,79745.0,16,47219,43,App,6,12,0.84,3.71,1
1595,21,Female,Mumbai,135168.0,30,15692,115,Online,5,9,0.95,2.81,0
1596,67,Male,Ahmedabad,138985.0,30,19120,283,Online,4,11,0.81,7.97,1
1597,62,Female,Ahmedabad,30543.0,36,14334,37,Store,7,7,0.38,7.41,0
1598,28,Female,Pune,46067.0,3,29615,302,Store,4,14,0.79,6.71,1
1599,46,Female,Bangalore,76033.0,22,8903,113,App,1,5,0.35,4.48,0
1600,53,Male,Pune,70256.0,22,29527,35,Online,5,10,0.17,9.18,0
1601,42,Female,Pune,178263.0,12,16629,132,Online,0,5,0.03,9.73,0
1602,38,Female,Pune,111803.0,21,18740,336,Store,4,3,0.39,2.56,0
1603,53,Male,Ahmedabad,143843.0,4,34782,336,Store,5,10,0.9,3.01,1
1604,27,Male,Ahmedabad,53992.0,31,27708,228,App,6,4,0.24,5.73,0
1605,54,Female,Pune,73803.0,31,11860,147,Online,1,13,0.21,1.82,1
1606,26,Male,Ahmedabad,134975.0,23,18438,122,Store,0,1,0.97,4.93,0
1607,41,Female,Bangalore,169282.0,20,2764,81,App,5,2,0.03,6.24,0
1608,52,Male,Pune,51270.0,15,7009,173,Online,2,2,0.79,5.7,0
1609,66,Male,Ahmedabad,161269.0,23,21842,154,Online,4,13,0.32,3.98,1
1610,52,Female,Mumbai,32452.0,28,43372,150,Store,1,11,0.04,5.88,1
1611,65,Male,Pune,66486.0,16,49780,58,App,0,10,0.92,9.63,0
1612,53,Female,Pune,39859.0,37,34435,63,Store,0,4,0.14,2.85,0
1613,35,Male,Bangalore,183308.0,21,4370,156,App,3,13,0.55,6.89,1
1614,66,Male,Delhi,187971.0,15,39744,356,Online,9,4,0.27,1.39,0
1615,56,Female,Delhi,57083.0,17,21454,322,App,1,5,0.07,1.6,0
1616,49,Male,Bangalore,92708.0,37,42381,168,App,0,4,0.05,5.97,0
1617,41,Female,Bangalore,136462.0,13,39367,166,App,5,11,0.12,1.94,1
1618,40,Female,Bangalore,172735.0,19,4650,85,App,3,5,0.07,1.2,0
1619,49,Female,Delhi,118076.0,30,46117,137,App,9,7,0.76,2.54,0
1620,54,Male,Bangalore,44053.0,18,26708,189,,6,14,0.49,6.08,1
1621,29,Male,Ahmedabad,167157.0,14,43662,2,App,5,1,0.34,7.33,0
1622,66,Female,Pune,186636.0,36,4190,106,App,4,3,0.42,2.82,0
1623,30,Female,Pune,114745.0,36,49113,364,Online,9,12,0.93,7.01,1
1624,40,Female,Mumbai,94517.0,20,9789,72,App,1,5,0.91,2.64,0
1625,42,Male,Mumbai,177225.0,19,33125,126,Online,4,11,0.72,6.52,1
1626,52,Male,Pune,161319.0,7,34159,170,,8,4,0.88,4.71,0
1627,58,Female,Ahmedabad,166625.0,4,18459,205,Store,8,0,0.32,6.88,0
1628,47,Female,Delhi,176883.0,34,36418,313,App,1,8,0.38,9.96,0
1629,34,Female,Delhi,162207.0,2,47368,337,Store,6,2,0.61,9.44,0
1630,66,Female,Ahmedabad,161645.0,5,48085,195,App,9,1,0.62,1.04,0
1631,37,Female,Delhi,104267.0,10,19768,158,Store,3,8,0.48,8.97,0
1632,65,Male,Bangalore,163261.0,32,16563,141,App,2,6,0.4,1.6,0
1633,42,Male,Pune,105077.0,13,28885,275,App,0,4,0.99,9.58,0
1634,39,Male,Pune,199718.0,39,22885,7,Online,2,11,0.82,3.54,1
1635,30,Male,Ahmedabad,101623.0,5,7895,54,Online,8,5,0.43,4.44,0
1636,36,Female,Delhi,156004.0,10,24958,104,Online,8,11,0.73,1.82,1
1637,66,Male,Mumbai,78687.0,10,2531,342,Online,6,10,0.27,2.01,0
1638,53,Female,Mumbai,93312.0,38,6481,338,App,2,3,0.1,7.54,0
1639,29,Male,Delhi,132615.0,27,24932,61,Store,2,0,0.35,9.5,0
1640,58,Male,Mumbai,155976.0,21,22360,87,App,3,3,0.4,6.5,0
1641,36,Male,Ahmedabad,52564.0,8,44642,258,Online,6,8,0.02,7.44,0
1642,29,Male,Ahmedabad,53835.0,1,25829,178,Online,6,0,0.81,7.86,0
1643,26,Female,Delhi,,28,20932,242,Store,1,9,0.36,3.37,0
1644,24,Male,Mumbai,105165.0,39,39931,203,Online,4,2,0.58,1.41,0
1645,45,Female,Ahmedabad,173118.0,14,39032,31,App,6,14,0.07,1.02,1
1646,31,Male,Ahmedabad,82823.0,21,16890,289,App,6,14,0.17,4.16,1
1647,48,Male,Bangalore,34615.0,30,19807,80,,5,4,0.89,3.17,0
1648,69,Male,Bangalore,161132.0,21,12767,11,App,9,6,0.61,1.56,0
1649,36,Female,Ahmedabad,155499.0,9,9071,254,App,9,8,0.95,2.62,0
1650,64,Female,Delhi,101436.0,17,27149,287,Store,7,5,1.0,2.12,0
1651,33,Male,Pune,145562.0,5,16540,176,App,2,2,0.37,9.23,0
1652,22,Male,Pune,96117.0,31,36676,126,Online,0,12,0.3,2.26,1
1653,52,Female,Ahmedabad,59782.0,38,5712,47,Online,2,6,0.86,5.84,0
1654,29,Male,Ahmedabad,103533.0,19,27201,206,Online,1,14,1.0,6.34,1
1655,42,Male,Ahmedabad,97684.0,36,45958,107,Online,1,13,0.63,5.89,1
1656,69,Female,Delhi,104558.0,33,20899,275,Store,1,3,0.8,1.89,0
1657,38,Female,Bangalore,106422.0,13,20787,337,Online,4,2,0.78,3.87,0
1658,53,Male,Ahmedabad,181328.0,14,21982,123,Store,0,13,0.36,1.46,1
1659,40,Female,Ahmedabad,186077.0,33,23606,134,Online,9,6,0.57,,0
1660,33,Female,Mumbai,,29,11150,107,Store,3,10,0.83,2.7,0
1661,56,Male,Delhi,62419.0,36,21393,305,Store,9,10,0.69,6.05,0
1662,62,Female,Ahmedabad,58377.0,10,38259,329,Store,4,6,0.02,7.24,0
1663,59,Female,Mumbai,131244.0,31,47687,50,Online,1,3,0.34,5.79,0
1664,56,Male,Pune,199188.0,6,47936,337,Store,4,11,0.14,4.91,1
1665,31,Male,Ahmedabad,192706.0,1,28750,95,App,9,6,0.23,4.49,0
1666,48,Male,Ahmedabad,48382.0,7,9593,268,App,3,10,0.91,8.58,0
1667,22,Female,Mumbai,178466.0,27,18358,23,Online,7,13,0.04,2.97,1
1668,52,Male,Delhi,92789.0,21,17607,54,App,0,1,0.22,7.61,0
1669,40,Female,Ahmedabad,135634.0,28,38381,254,App,4,0,0.31,7.82,0
1670,46,Female,Pune,156936.0,16,25811,235,App,9,11,0.62,4.77,1
1671,60,Male,Ahmedabad,124572.0,23,29074,59,Online,0,14,0.53,3.68,1
1672,28,Female,Pune,196294.0,20,21595,164,Online,9,1,0.22,5.23,0
1673,35,Male,Bangalore,169738.0,38,45194,259,App,9,3,0.16,1.84,0
1674,64,Female,Bangalore,148664.0,25,27853,314,Online,3,7,0.24,1.41,0
1675,29,Female,Pune,177027.0,28,9183,216,Store,7,2,0.5,2.0,0
1676,26,Male,Delhi,135674.0,5,21661,183,App,0,14,0.27,2.68,1
1677,27,Male,Ahmedabad,128533.0,21,42169,57,Online,1,9,0.95,5.54,0
1678,61,Male,Ahmedabad,106845.0,18,37495,145,Online,0,14,0.46,8.64,1
1679,34,Male,Bangalore,94590.0,6,14703,90,App,6,5,0.06,3.12,0
1680,55,Male,Pune,152775.0,29,31815,311,Online,1,5,0.73,9.42,0
1681,24,Male,Ahmedabad,,19,30565,45,App,0,12,0.33,9.59,1
1682,63,Female,Ahmedabad,,33,23942,257,Online,5,8,0.65,9.63,0
1683,30,Male,Delhi,73924.0,1,43986,21,Store,5,8,0.28,8.54,0
1684,57,Male,Mumbai,172781.0,3,34161,21,App,9,3,0.57,4.27,0
1685,59,Female,Bangalore,34726.0,21,49760,52,Store,1,8,0.77,1.65,0
1686,26,Male,Bangalore,65542.0,35,42803,338,App,0,14,0.93,6.12,1
1687,67,Female,Mumbai,176317.0,3,10716,171,Online,9,14,0.26,6.03,1
1688,44,Female,Ahmedabad,59753.0,25,42563,67,Store,2,12,0.33,8.65,1
1689,19,Female,Delhi,104788.0,38,34349,113,Online,9,5,0.46,9.96,0
1690,22,Male,Delhi,46316.0,20,48098,300,App,4,1,0.93,5.57,0
1691,46,Male,Bangalore,109698.0,34,43899,160,App,5,9,0.9,4.11,0
1692,54,Male,Delhi,40960.0,21,1132,266,App,2,13,0.09,2.67,1
1693,55,Female,Mumbai,55791.0,23,48752,320,App,8,10,0.13,1.04,0
1694,36,Male,Ahmedabad,50216.0,6,4385,232,App,4,5,0.5,5.58,0
1695,25,Male,Mumbai,188539.0,13,37538,325,Store,1,1,0.11,6.0,0
1696,65,Female,Pune,89427.0,23,36036,68,App,9,7,0.35,8.42,0
1697,62,Male,Bangalore,137470.0,9,34743,28,,5,3,0.15,5.54,0
1698,18,Male,Delhi,98290.0,17,41373,116,Store,7,4,0.64,9.25,0
1699,39,Male,Pune,72014.0,2,8213,51,Online,5,7,0.95,,0
1700,69,Female,Delhi,160150.0,19,45223,181,App,3,13,1.0,8.56,1
1701,34,Male,Ahmedabad,75519.0,19,27119,260,Online,5,10,0.38,2.33,0
1702,24,Female,Ahmedabad,29042.0,7,3835,79,Store,7,7,0.6,8.7,0
1703,42,Female,Ahmedabad,74052.0,20,3738,273,Store,7,11,0.86,7.08,1
1704,62,Male,Delhi,39389.0,9,43317,108,Store,9,13,0.12,2.53,1
1705,21,Female,Pune,120961.0,17,5134,74,Online,1,11,0.69,2.71,1
1706,53,Male,Ahmedabad,93111.0,27,26892,175,Store,7,5,0.41,9.34,0
1707,23,Male,Pune,130058.0,2,40601,184,Online,5,3,0.21,1.29,0
1708,48,Female,Delhi,118715.0,36,9353,23,App,1,14,0.4,5.16,1
1709,36,Female,Pune,75733.0,19,16690,274,App,0,0,0.08,3.82,0
1710,61,Female,Delhi,59754.0,17,2909,129,Online,5,11,0.7,6.99,1
1711,56,Male,Delhi,174696.0,5,26703,291,Store,6,6,0.25,8.56,0
1712,44,Male,Bangalore,110886.0,39,15496,320,Online,9,7,0.31,4.24,0
1713,27,Male,Delhi,182753.0,18,13062,186,Online,4,8,0.12,4.84,0
1714,43,Male,Delhi,114524.0,7,10850,59,Online,9,1,0.86,9.84,0
1715,36,Male,Mumbai,106006.0,17,28701,1,App,7,0,0.49,8.06,0
1716,56,Male,Ahmedabad,49704.0,39,35731,131,Online,8,3,0.57,9.07,0
1717,20,Male,Bangalore,,36,6153,67,App,3,12,0.57,4.95,1
1718,62,Male,Bangalore,119108.0,4,11481,293,Online,6,4,0.41,3.11,1
1719,30,Male,Bangalore,32493.0,38,34734,285,App,7,9,0.19,4.71,0
1720,67,Male,Mumbai,94639.0,25,1889,89,Online,5,11,0.75,,1
1721,45,Female,Delhi,79383.0,5,20445,100,Online,1,0,0.13,1.98,0
1722,37,Male,Ahmedabad,159066.0,30,7461,189,Store,6,4,0.1,3.43,0
1723,45,Female,Pune,72234.0,12,39934,346,Store,8,5,0.71,1.42,0
1724,25,Female,Delhi,153674.0,4,29205,241,Online,4,2,0.21,4.89,0
1725,58,Male,Mumbai,30594.0,24,24351,270,Online,1,11,0.31,8.45,1
1726,56,Female,Delhi,32371.0,29,17006,219,Online,3,14,0.48,1.22,1
1727,18,Female,Delhi,72315.0,9,45149,176,Online,2,6,0.45,7.08,0
1728,20,Female,Mumbai,152251.0,4,11940,341,Store,3,13,0.71,9.39,1
1729,30,Male,Bangalore,104526.0,24,12258,233,App,9,5,0.62,3.13,0
1730,45,Male,Bangalore,172698.0,14,25485,151,Online,6,3,0.64,7.24,0
1731,66,Male,Ahmedabad,111005.0,5,24763,277,Store,9,2,0.71,,0
1732,42,Female,Ahmedabad,130573.0,18,41048,229,Online,7,4,0.29,9.66,0
1733,50,Female,Bangalore,163202.0,19,2067,171,Online,0,2,0.32,3.11,0
1734,55,Female,Pune,162900.0,12,21607,223,App,7,9,0.44,1.9,0
1735,23,Female,Delhi,82514.0,18,44883,213,Online,4,8,0.31,2.33,0
1736,61,Female,Pune,173955.0,17,10018,282,,6,8,0.98,7.32,0
1737,62,Male,Delhi,199131.0,30,49521,41,App,0,5,0.81,7.53,0
1738,49,Male,Bangalore,199004.0,24,47946,122,App,1,12,0.16,7.07,1
1739,62,Female,Ahmedabad,100986.0,11,16187,227,App,0,10,0.01,4.02,0
1740,64,Male,Ahmedabad,110959.0,35,38375,294,App,4,5,0.04,2.53,0
1741,38,Male,Pune,27035.0,23,4985,88,Store,5,11,0.24,6.23,1
1742,33,Male,Ahmedabad,134767.0,17,44052,267,Store,9,13,0.11,5.35,1
1743,38,Male,Bangalore,196817.0,1,20563,29,Store,8,3,0.53,7.56,0
1744,28,Female,Pune,42241.0,15,48322,247,Online,7,3,0.86,4.97,0
1745,54,Female,Delhi,77975.0,32,38306,316,,6,1,0.74,4.05,0
1746,53,Female,Ahmedabad,179226.0,9,19608,244,App,4,9,0.22,3.64,0
1747,52,Female,Mumbai,181697.0,15,40139,61,Store,2,3,0.4,2.9,0
1748,36,Male,Ahmedabad,81396.0,28,2726,147,Online,8,7,0.51,3.39,0
1749,37,Male,Delhi,143920.0,24,27582,174,Online,4,12,0.81,1.85,1
1750,35,Female,Pune,169403.0,35,6791,278,Online,2,9,0.84,4.12,0
1751,64,Male,Delhi,111226.0,22,9458,334,Store,2,1,0.91,1.33,0
1752,58,Female,Mumbai,109719.0,27,18221,142,Online,2,8,0.51,,0
1753,66,Female,Bangalore,88014.0,19,49506,44,Online,5,13,0.69,7.72,1
1754,31,Male,Ahmedabad,64346.0,12,21968,144,Online,0,0,0.11,,0
1755,32,Female,Pune,95411.0,20,18070,353,App,3,12,0.57,7.01,1
1756,48,Female,Bangalore,168326.0,1,28937,333,Store,7,1,0.25,7.45,0
1757,18,Female,Delhi,184693.0,21,42831,55,App,2,14,0.43,6.23,1
1758,20,Male,Pune,101441.0,1,43933,307,App,4,1,0.63,9.63,0
1759,33,Male,Bangalore,71121.0,10,48307,358,Store,1,10,0.26,1.19,0
1760,40,Male,Pune,85197.0,32,49340,161,App,1,12,0.05,7.65,1
1761,28,Male,Mumbai,109577.0,39,38415,285,Online,6,14,0.01,9.63,1
1762,29,Male,Mumbai,119634.0,22,43770,325,Online,9,13,0.02,8.76,1
1763,27,Female,Ahmedabad,198503.0,18,21802,198,Online,2,5,0.01,2.51,0
1764,49,Male,Ahmedabad,125211.0,32,44601,159,Online,4,14,0.11,,1
1765,33,Female,Mumbai,160909.0,27,11420,80,Store,2,13,0.24,2.55,1
1766,25,Female,Pune,168687.0,28,7642,31,App,5,6,0.22,6.41,0
1767,55,Female,Mumbai,26466.0,18,20775,112,App,9,12,0.99,7.41,1
1768,29,Male,Ahmedabad,55771.0,39,29754,46,Online,2,14,0.31,3.85,1
1769,41,Female,Mumbai,108886.0,29,44310,353,Online,7,14,0.13,5.86,1
1770,45,Male,Mumbai,90911.0,18,5357,205,App,1,2,0.55,7.22,0
1771,25,Male,Pune,176818.0,8,22263,52,Store,2,10,0.86,4.79,0
1772,45,Female,Bangalore,113422.0,31,49367,138,App,7,8,0.68,8.69,0
1773,53,Male,Ahmedabad,98369.0,34,14201,74,Online,7,4,0.3,7.94,0
1774,43,Male,Pune,26893.0,7,3739,41,Online,0,4,0.56,1.58,0
1775,25,Female,Mumbai,55573.0,36,14231,77,,7,10,0.71,6.59,0
1776,67,Male,Mumbai,121907.0,18,43278,187,App,9,11,0.73,3.12,1
1777,45,Male,Bangalore,196946.0,38,43495,52,Store,1,3,0.67,6.02,0
1778,45,Male,Ahmedabad,124956.0,9,22168,87,Store,6,8,0.87,9.61,0
1779,54,Female,Ahmedabad,143580.0,9,33624,109,,5,7,0.87,8.91,0
1780,58,Female,Delhi,189439.0,8,11635,225,App,1,11,0.58,,1
1781,53,Male,Ahmedabad,177271.0,35,10964,248,Online,4,3,0.43,3.62,0
1782,44,Male,Bangalore,116404.0,18,28785,69,App,6,3,0.64,3.11,0
1783,34,Male,Delhi,,5,30510,120,Online,7,1,0.82,5.79,0
1784,26,Male,Delhi,111133.0,14,18261,67,Online,2,8,0.01,2.03,0
1785,50,Female,Mumbai,192477.0,28,20254,61,App,0,2,0.99,5.94,0
1786,37,Male,Mumbai,40989.0,30,12392,327,App,6,3,0.18,1.01,0
1787,30,Male,Ahmedabad,53931.0,4,13336,191,Online,4,13,0.47,3.91,1
1788,45,Female,Delhi,34290.0,39,12939,189,App,4,6,0.87,2.98,0
1789,65,Female,Mumbai,194439.0,20,28412,151,Online,6,9,0.23,9.74,0
1790,46,Female,Bangalore,146136.0,25,17676,286,App,0,7,0.48,7.55,0
1791,30,Male,Mumbai,104878.0,28,10843,96,Online,7,7,0.13,4.15,0
1792,63,Male,Mumbai,115477.0,12,46591,312,Online,9,3,0.4,1.84,0
1793,52,Male,Delhi,151299.0,2,26112,309,Online,4,14,0.18,5.65,1
1794,23,Male,Delhi,,14,31598,263,Store,7,6,0.36,2.92,0
1795,35,Female,Pune,130686.0,22,36454,97,,9,9,0.37,5.83,0
1796,68,Female,Bangalore,183124.0,31,34001,113,Online,9,0,0.99,8.52,0
1797,22,Female,Delhi,132286.0,23,28228,125,Store,4,5,0.99,6.54,0
1798,64,Female,Ahmedabad,65475.0,20,15429,132,Online,6,5,0.11,6.7,0
1799,42,Male,Bangalore,107666.0,38,19758,121,Store,9,5,0.73,5.87,0
1800,19,Female,Bangalore,121622.0,4,3272,197,Online,2,11,0.05,9.35,1
1801,27,Male,Delhi,,15,18350,294,Online,1,1,0.03,9.39,0
1802,47,Female,Bangalore,173376.0,24,23538,122,Store,5,7,0.11,5.61,0
1803,67,Male,Delhi,132573.0,25,4400,282,Store,4,13,0.97,3.75,1
1804,62,Male,Mumbai,71546.0,1,16371,260,App,8,14,0.94,5.14,1
1805,22,Male,Pune,32008.0,7,38310,39,App,9,14,0.19,2.68,1
1806,50,Female,Mumbai,73291.0,31,37291,54,Store,3,4,0.16,6.73,0
1807,18,Male,Delhi,,12,19147,161,App,2,4,0.24,5.5,0
1808,35,Male,Delhi,61386.0,5,4291,289,Store,8,1,0.52,1.93,0
1809,49,Male,Mumbai,115909.0,38,36256,200,App,7,3,0.57,2.78,0
1810,64,Female,Ahmedabad,176899.0,12,11892,276,Online,5,11,0.22,5.32,1
1811,66,Female,Ahmedabad,58040.0,39,35326,16,App,0,8,0.76,8.99,0
1812,28,Female,Ahmedabad,85354.0,18,38458,173,Online,9,8,0.31,6.1,0
1813,38,Male,Delhi,103543.0,2,39889,248,Online,0,5,0.92,7.13,0
1814,43,Female,Bangalore,43157.0,10,45966,218,App,5,10,0.66,4.05,0
1815,42,Male,Delhi,60315.0,15,38207,87,Store,2,14,0.44,6.14,1
1816,39,Female,Bangalore,60932.0,30,41288,82,Online,2,8,0.79,5.03,0
1817,44,Female,Mumbai,177236.0,17,26995,62,Online,5,3,0.82,,0
1818,66,Male,Pune,170486.0,4,6409,287,,2,14,0.29,1.46,1
1819,30,Male,Bangalore,170399.0,7,43438,42,Store,9,10,0.34,5.44,0
1820,50,Male,Ahmedabad,138880.0,31,45874,12,Store,5,0,0.94,,0
1821,51,Male,Delhi,157018.0,39,45702,321,App,4,1,0.16,3.94,0
1822,58,Male,Mumbai,39693.0,34,30823,234,Store,3,12,0.04,9.65,1
1823,52,Female,Ahmedabad,52241.0,6,8869,329,App,7,0,0.45,2.64,0
1824,18,Male,Mumbai,140194.0,38,36724,131,App,1,7,0.8,3.8,0
1825,38,Male,Pune,120790.0,34,23401,115,,6,8,0.77,5.59,0
1826,65,Male,Delhi,171612.0,15,26958,218,Online,3,9,0.92,8.77,0
1827,23,Male,Delhi,97255.0,14,11766,137,Online,1,11,0.53,4.75,1
1828,45,Female,Pune,197275.0,6,20768,106,Online,6,5,0.1,7.69,0
1829,34,Male,Delhi,181153.0,37,31794,179,App,0,1,0.59,8.71,0
1830,22,Female,Bangalore,36350.0,32,27145,16,Online,3,5,0.78,3.79,0
1831,48,Female,Mumbai,81809.0,3,11086,242,Online,8,8,0.09,4.53,0
1832,22,Female,Ahmedabad,126894.0,3,44203,334,Online,3,11,0.17,4.21,1
1833,55,Female,Pune,122557.0,22,27442,226,App,2,2,0.01,8.5,0
1834,20,Male,Bangalore,198904.0,22,17412,242,App,9,8,0.59,1.4,0
1835,40,Female,Ahmedabad,184441.0,10,26596,141,App,9,1,0.89,3.78,0
1836,54,Male,Ahmedabad,56728.0,3,11255,199,Online,1,10,0.67,7.11,0
1837,54,Male,Pune,42576.0,12,43406,112,Store,2,4,0.98,6.09,0
1838,27,Female,Bangalore,185073.0,29,41524,127,Online,0,10,0.06,4.93,0
1839,27,Female,Ahmedabad,108384.0,17,24332,21,Online,9,1,0.9,5.86,0
1840,36,Female,Ahmedabad,25390.0,7,45624,147,App,7,6,0.81,,0
1841,34,Male,Bangalore,70436.0,13,16764,89,App,0,10,0.31,4.88,0
1842,38,Male,Delhi,36569.0,2,28563,303,Online,2,9,0.97,5.52,0
1843,31,Female,Ahmedabad,169101.0,4,23139,203,Online,2,14,0.29,9.11,1
1844,26,Male,Mumbai,47490.0,10,37370,85,Store,1,8,0.89,3.35,0
1845,63,Female,Bangalore,,39,6062,167,Store,4,6,0.88,8.81,0
1846,18,Female,Ahmedabad,30867.0,24,45645,72,App,9,11,0.76,6.8,1
1847,68,Male,Pune,105820.0,17,8244,298,Store,2,4,0.56,1.18,0
1848,62,Male,Mumbai,124515.0,6,7372,9,Store,2,14,0.12,7.52,1
1849,30,Male,Ahmedabad,34121.0,19,40873,281,App,7,3,0.53,1.32,0
1850,21,Male,Mumbai,26539.0,5,20965,258,Store,3,11,0.36,9.98,1
1851,18,Female,Mumbai,173099.0,32,45997,275,Online,3,3,0.79,8.85,0
1852,66,Male,Delhi,152402.0,10,17956,238,Store,2,14,0.76,3.68,1
1853,57,Female,Mumbai,99229.0,9,41473,20,App,0,9,0.91,3.32,0
1854,49,Male,Delhi,164993.0,27,14894,233,Online,7,7,0.01,4.43,0
1855,51,Female,Bangalore,75435.0,13,46048,221,Store,0,9,0.81,4.21,0
1856,45,Male,Delhi,166382.0,19,34382,326,Online,6,12,0.94,4.35,1
1857,48,Male,Pune,,21,5050,17,Online,4,9,0.79,3.86,0
1858,25,Male,Ahmedabad,136048.0,24,17709,89,Store,3,13,0.13,6.59,1
1859,56,Female,Bangalore,121444.0,38,16722,196,Store,3,9,0.08,,0
1860,43,Female,Bangalore,94922.0,4,16210,350,App,7,9,0.02,8.61,0
1861,51,Female,Pune,122799.0,24,37545,84,App,5,9,0.63,,0
1862,20,Male,Delhi,118948.0,35,39674,87,Online,0,0,0.63,5.29,0
1863,67,Male,Ahmedabad,168314.0,3,35489,307,App,9,4,0.99,8.67,0
1864,29,Male,Delhi,33947.0,4,18733,338,Online,7,13,0.4,3.22,1
1865,18,Male,Mumbai,73785.0,37,21080,154,Online,1,1,0.33,1.16,0
1866,61,Male,Delhi,144963.0,35,37664,228,App,5,12,0.62,6.57,1
1867,22,Female,Bangalore,25507.0,31,40709,264,App,8,10,0.83,5.12,0
1868,47,Female,Ahmedabad,183223.0,25,47232,223,App,0,8,0.94,6.1,0
1869,47,Female,Delhi,36618.0,13,39014,121,Store,5,6,0.8,9.09,0
1870,34,Female,Ahmedabad,99286.0,4,42152,173,Online,7,9,0.43,9.73,0
1871,65,Male,Ahmedabad,41122.0,14,28250,4,Online,9,7,0.63,,0
1872,64,Male,Mumbai,163426.0,13,21229,342,Online,1,5,0.86,7.88,0
1873,40,Female,Mumbai,134598.0,27,49137,128,App,4,8,0.49,1.75,0
1874,32,Female,Bangalore,187051.0,6,17475,110,App,5,5,0.22,2.45,0
1875,54,Male,Pune,111436.0,17,47412,355,App,4,6,0.17,7.6,0
1876,38,Male,Ahmedabad,161109.0,36,44876,37,App,2,6,0.0,4.88,0
1877,31,Male,Pune,53633.0,35,30011,71,App,3,8,0.72,5.01,0
1878,19,Male,Bangalore,49495.0,17,9128,289,Store,6,10,0.11,3.78,0
1879,28,Female,Ahmedabad,89550.0,2,33450,31,App,3,7,0.24,6.47,0
1880,68,Female,Ahmedabad,61483.0,13,19897,268,Online,8,12,0.3,2.67,1
1881,56,Male,Pune,138181.0,2,9168,11,App,9,0,0.56,6.64,0
1882,55,Female,Delhi,59069.0,28,7861,344,Online,1,3,0.4,2.56,0
1883,51,Female,Mumbai,163442.0,26,42758,328,App,4,6,0.67,1.57,0
1884,55,Male,Delhi,144873.0,22,14750,32,App,7,10,0.06,3.97,0
1885,67,Male,Pune,141843.0,3,17988,57,Online,4,7,0.12,3.08,0
1886,51,Male,Mumbai,96947.0,35,3979,166,Online,9,6,0.5,9.0,0
1887,35,Male,Delhi,195205.0,12,24524,188,Online,7,11,0.34,1.49,1
1888,47,Female,Mumbai,120761.0,24,8065,342,Online,7,2,0.3,2.59,0
1889,32,Male,Ahmedabad,138753.0,5,38684,19,Store,8,14,0.07,5.94,1
1890,44,Female,Delhi,156764.0,20,24184,116,Online,9,3,0.9,5.33,0
1891,68,Male,Mumbai,53926.0,39,34365,184,App,5,11,0.69,1.41,1
1892,51,Male,Mumbai,124782.0,39,24704,270,App,3,6,0.12,1.07,0
1893,69,Male,Mumbai,129700.0,13,6622,33,Store,2,7,0.07,9.89,0
1894,55,Male,Delhi,98984.0,12,19261,10,Online,4,6,0.97,6.93,0
1895,50,Male,Bangalore,,13,45932,80,App,5,5,0.68,4.29,0
1896,41,Female,Delhi,74593.0,10,29419,192,Store,2,8,0.42,5.23,0
1897,32,Female,Pune,,33,35467,320,App,1,8,0.7,3.4,0
1898,47,Female,Delhi,30209.0,16,26605,190,Store,6,10,0.76,4.1,0
1899,59,Male,Mumbai,151700.0,35,30171,68,Store,4,12,0.78,6.84,1
1900,68,Male,Ahmedabad,162605.0,3,23164,348,Online,8,6,0.48,,0
1901,34,Male,Delhi,111597.0,5,47197,125,Store,2,7,0.43,2.66,0
1902,22,Female,Delhi,32211.0,26,14796,336,App,7,5,0.01,8.56,0
1903,46,Male,Mumbai,34927.0,11,37854,59,App,5,0,0.93,2.09,0
1904,21,Male,Ahmedabad,142333.0,7,32320,97,Online,3,0,0.6,,0
1905,27,Female,Ahmedabad,180666.0,10,1665,275,Online,8,5,0.2,1.33,0
1906,34,Male,Pune,101382.0,34,33694,149,Store,4,1,0.92,,0
1907,27,Male,Delhi,164005.0,3,25230,278,Online,9,13,0.91,9.26,1
1908,34,Male,Ahmedabad,128780.0,8,23995,265,App,5,7,0.99,5.13,0
1909,37,Female,Ahmedabad,65696.0,31,27784,9,,8,0,0.87,1.7,0
1910,41,Female,Bangalore,92616.0,11,15605,283,Online,6,12,1.0,9.64,1
1911,22,Male,Bangalore,162161.0,7,18463,273,,4,1,0.24,8.91,0
1912,51,Male,Ahmedabad,182195.0,2,9419,301,Online,1,7,0.84,7.79,0
1913,23,Female,Pune,163869.0,6,48952,8,Store,3,11,0.82,9.4,1
1914,19,Female,Ahmedabad,75013.0,32,34837,208,Store,1,5,0.23,2.98,0
1915,30,Male,Mumbai,164418.0,20,6263,125,App,2,11,0.1,8.53,1
1916,60,Female,Delhi,189744.0,34,49877,123,Store,9,9,0.98,7.21,0
1917,60,Male,Pune,173725.0,16,41719,33,Store,2,1,0.3,8.83,0
1918,65,Female,Mumbai,74556.0,25,46687,1,Store,3,1,0.87,8.17,0
1919,28,Female,Pune,148723.0,12,35131,204,Store,5,10,0.0,4.12,0
1920,68,Male,Mumbai,51140.0,7,38276,6,App,2,13,0.02,,1
1921,64,Female,Delhi,26184.0,39,35523,297,Online,9,6,0.47,3.36,0
1922,40,Female,Delhi,190565.0,17,1519,5,App,0,4,0.24,3.96,0
1923,33,Female,Bangalore,180918.0,11,32106,80,Store,0,4,0.69,1.97,0
1924,48,Male,Mumbai,136361.0,6,45504,274,Online,8,7,0.57,9.42,0
1925,28,Male,Bangalore,178267.0,23,11514,177,Online,8,11,0.08,3.62,1
1926,33,Male,Mumbai,30606.0,27,48456,338,Online,4,11,0.16,5.69,1
1927,25,Female,Bangalore,160028.0,6,8233,321,App,8,6,0.39,4.52,0
1928,21,Male,Delhi,41555.0,38,2102,339,Online,6,11,0.19,9.64,1
1929,57,Female,Pune,115385.0,2,1597,136,App,8,13,0.79,4.02,1
1930,21,Female,Bangalore,174762.0,22,47715,25,App,6,8,0.42,,0
1931,42,Male,Mumbai,83502.0,20,20657,325,Store,8,3,0.09,8.7,0
1932,20,Female,Mumbai,182419.0,25,46009,183,Store,1,9,0.48,4.92,0
1933,49,Male,Delhi,128844.0,15,39549,168,Online,7,3,0.09,4.4,0
1934,20,Female,Mumbai,116321.0,29,44565,338,Online,6,1,0.13,7.73,0
1935,44,Male,Ahmedabad,74056.0,8,7256,178,Store,5,2,0.24,9.22,0
1936,46,Male,Pune,123234.0,37,44148,95,App,4,0,0.86,7.79,0
1937,49,Male,Bangalore,66850.0,33,30401,33,App,3,0,0.92,3.04,0
1938,67,Male,Pune,52843.0,22,42548,111,Store,6,6,0.83,8.99,0
1939,68,Female,Delhi,87320.0,5,7554,146,App,2,13,0.33,4.49,1
1940,36,Female,Bangalore,54793.0,39,13664,231,Store,7,13,0.27,6.19,1
1941,38,Female,Bangalore,195588.0,18,43367,272,Store,1,4,0.55,8.48,0
1942,22,Male,Ahmedabad,173929.0,38,49279,336,Online,0,2,0.72,2.7,0
1943,35,Male,Delhi,44627.0,37,25386,38,Online,1,6,0.99,8.06,0
1944,45,Male,Mumbai,86822.0,30,5846,135,Store,8,13,0.13,6.37,1
1945,59,Female,Ahmedabad,80798.0,31,27205,334,Online,4,1,0.05,9.04,0
1946,39,Female,Ahmedabad,100318.0,10,26570,235,Store,7,2,0.69,,0
1947,38,Male,Pune,129186.0,15,31255,319,App,2,0,0.83,4.79,0
1948,23,Male,Pune,112902.0,18,22182,345,App,6,7,0.85,8.5,0
1949,18,Female,Pune,184629.0,23,40373,160,App,1,1,0.68,1.17,0
1950,22,Female,Ahmedabad,96334.0,33,44019,38,App,7,14,0.95,2.01,1
1951,58,Female,Mumbai,131719.0,16,17043,150,Store,6,6,0.51,9.92,0
1952,29,Female,Bangalore,148099.0,38,46532,308,App,4,10,0.91,3.52,0
1953,43,Male,Pune,198686.0,35,36754,29,App,3,8,0.97,9.78,0
1954,63,Male,Mumbai,37720.0,34,1400,144,App,0,5,0.85,2.64,0
1955,51,Female,Delhi,82608.0,28,20239,76,,4,1,0.31,4.25,0
1956,66,Female,Pune,132449.0,2,11416,145,Store,8,1,0.2,7.78,0
1957,31,Male,Bangalore,127828.0,30,4412,229,App,9,8,0.55,6.92,0
1958,43,Female,Delhi,151613.0,13,17440,64,Online,3,9,0.45,6.23,0
1959,62,Female,Delhi,,16,25406,347,Online,8,7,0.88,5.77,0
1960,44,Female,Bangalore,130924.0,5,2875,345,Online,1,13,0.1,8.59,1
1961,26,Female,Pune,121452.0,28,38066,269,Online,3,13,0.26,3.11,1
1962,43,Male,Ahmedabad,112593.0,39,37536,328,Online,8,13,0.75,4.98,1
1963,64,Female,Bangalore,191964.0,20,6752,184,Online,3,8,0.09,2.4,0
1964,39,Female,Bangalore,131975.0,24,22217,261,Store,4,3,0.32,6.36,0
1965,64,Female,Bangalore,102242.0,27,13489,268,Online,7,3,0.39,3.25,0
1966,47,Female,Delhi,141041.0,30,2353,169,App,0,14,0.62,4.0,1
1967,60,Female,Mumbai,151202.0,27,27986,259,Online,0,14,0.16,5.24,1
1968,65,Male,Ahmedabad,102606.0,26,22371,227,,8,1,0.86,1.24,0
1969,34,Female,Pune,148769.0,7,40365,33,Online,8,13,0.45,1.83,1
1970,43,Female,Pune,143542.0,38,15691,214,App,3,9,0.92,7.17,0
1971,53,Female,Mumbai,131438.0,5,5311,50,App,1,0,0.47,4.86,0
1972,18,Female,Bangalore,25924.0,23,49075,210,Store,8,9,0.28,8.78,0
1973,25,Female,Ahmedabad,76322.0,28,11794,29,Store,3,12,0.14,7.25,1
1974,66,Male,Pune,182550.0,34,3934,39,Store,5,3,0.0,1.07,0
1975,52,Male,Pune,96042.0,15,17406,347,Store,0,9,0.53,6.55,0
1976,69,Male,Bangalore,71418.0,32,11394,100,Online,8,9,0.11,1.84,0
1977,32,Male,Mumbai,125699.0,26,27872,173,Online,4,10,0.39,8.03,0
1978,64,Female,Ahmedabad,115140.0,31,42708,17,App,2,7,0.59,9.92,0
1979,39,Female,Mumbai,,19,42093,56,Store,3,1,0.28,5.78,0
1980,31,Male,Mumbai,161587.0,9,21800,226,Store,0,12,0.18,7.15,1
1981,43,Male,Ahmedabad,142358.0,29,44397,46,Online,8,11,0.77,3.14,1
1982,45,Female,Ahmedabad,61133.0,39,38909,67,Store,7,10,0.95,4.94,0
1983,40,Male,Pune,122628.0,4,22352,197,App,3,7,0.1,8.7,0
1984,31,Male,Pune,101946.0,3,37439,142,App,1,0,0.16,,0
1985,41,Male,Ahmedabad,110058.0,29,29312,323,Store,8,14,0.96,3.39,1
1986,19,Male,Delhi,165167.0,11,41060,23,App,3,0,0.04,5.01,0
1987,62,Male,Pune,176542.0,33,16438,94,App,8,3,0.98,7.41,0
1988,43,Male,Delhi,,38,24385,242,Online,9,6,0.0,4.38,0
1989,31,Male,Ahmedabad,33531.0,11,45999,237,App,2,8,0.87,9.35,0
1990,68,Female,Pune,62038.0,27,19482,54,Store,6,4,0.31,1.85,0
1991,24,Male,Mumbai,112939.0,33,33471,138,Store,6,1,0.94,4.34,0
1992,20,Female,Ahmedabad,67674.0,21,48279,333,App,9,11,0.32,,1
1993,64,Male,Bangalore,,39,44877,272,Store,3,6,0.65,3.03,0
1994,40,Male,Delhi,54831.0,31,42212,41,Online,1,10,0.08,6.91,0
1995,63,Female,Ahmedabad,82174.0,38,49373,98,App,8,1,0.24,2.48,0
1996,60,Male,Ahmedabad,36279.0,2,14026,183,App,3,8,0.77,1.5,0
1997,64,Male,Pune,194292.0,27,43089,128,App,7,8,0.53,2.09,0
1998,62,Female,Pune,85610.0,36,20648,229,Store,1,2,0.93,9.37,0
1999,35,Female,Pune,78051.0,11,6435,317,Store,7,12,0.43,5.97,1
2000,55,Male,Bangalore,81652.0,18,9493,86,App,9,7,0.87,8.17,0
2001,52,Male,Pune,90524.0,1,7691,256,Store,4,10,0.45,3.99,1
2002,68,Female,Ahmedabad,31470.0,35,3763,209,Store,6,3,0.98,6.33,0
2003,32,Male,Pune,197870.0,35,21389,215,,6,2,0.96,5.45,0
2004,42,Female,Mumbai,78473.0,31,32498,100,App,8,0,0.33,9.51,0
2005,54,Female,Pune,175952.0,28,37009,49,Store,2,4,0.89,7.73,0
2006,45,Female,Bangalore,,39,36825,201,App,9,12,0.85,7.57,1
2007,27,Male,Mumbai,39308.0,1,17934,258,App,3,13,0.21,1.42,1
2008,56,Female,Ahmedabad,,25,6574,178,App,9,10,0.62,5.95,0
2009,34,Female,Ahmedabad,60081.0,38,39179,245,App,3,3,0.07,5.2,0
2010,56,Male,Delhi,34837.0,20,2587,123,Store,9,0,0.84,9.35,0
2011,39,Male,Mumbai,143128.0,3,43782,342,App,4,9,0.17,3.32,1
2012,43,Female,Delhi,192896.0,2,39688,171,Online,5,7,0.07,3.43,0
2013,61,Male,Mumbai,189145.0,18,12688,333,App,2,7,0.4,4.7,0
2014,42,Male,Mumbai,137651.0,10,5409,136,Online,3,12,0.58,3.19,1
2015,34,Male,Bangalore,122624.0,5,6783,59,App,2,7,0.85,2.16,0
2016,30,Female,Delhi,182371.0,9,34480,193,,1,2,0.97,8.72,0
2017,37,Female,Bangalore,55063.0,2,27751,268,Online,9,5,0.44,6.02,0
2018,42,Female,Mumbai,94453.0,34,39174,260,App,8,11,0.06,8.75,1
2019,21,Male,Ahmedabad,127166.0,38,13041,95,App,0,11,0.75,8.48,1
2020,27,Male,Mumbai,39506.0,31,24227,125,App,1,6,0.57,3.54,0
2021,20,Female,Bangalore,138604.0,10,36201,41,Online,7,8,0.45,5.93,0
2022,58,Male,Delhi,51026.0,12,37069,254,Store,6,4,0.31,1.75,0
2023,62,Male,Delhi,183744.0,36,17654,7,Store,0,8,0.5,9.24,0
2024,35,Female,Bangalore,194489.0,21,27370,216,App,4,5,0.34,4.64,0
2025,64,Female,Delhi,77413.0,6,30482,69,Store,9,9,0.76,4.54,0
2026,53,Female,Pune,,3,12586,69,Store,5,9,0.54,3.72,0
2027,64,Female,Ahmedabad,75971.0,10,6322,81,App,4,9,0.88,5.15,0
2028,39,Female,Ahmedabad,183353.0,5,14932,30,Online,3,3,0.54,3.27,0
2029,51,Male,Ahmedabad,138978.0,26,30299,73,App,0,12,0.24,4.37,1
2030,64,Female,Delhi,184163.0,21,26179,262,Store,6,0,0.85,8.2,0
2031,25,Female,Delhi,75494.0,26,6257,89,Online,8,0,0.56,8.51,0
2032,57,Male,Mumbai,128864.0,38,47501,208,Store,5,13,0.21,3.74,1
2033,66,Female,Mumbai,174682.0,26,47136,213,Online,2,9,0.62,5.22,0
2034,61,Female,Ahmedabad,157151.0,8,10777,322,Store,9,4,0.36,,0
2035,36,Female,Pune,120386.0,5,12249,266,App,3,12,0.84,1.47,1
2036,59,Female,Mumbai,111126.0,15,22390,293,Store,9,13,0.45,9.0,1
2037,58,Female,Mumbai,187023.0,16,21369,207,Store,4,2,0.73,2.97,0
2038,54,Female,Delhi,105863.0,1,13881,333,Online,0,4,0.1,,0
2039,23,Male,Pune,103291.0,16,10587,77,Store,4,4,0.4,6.24,0
2040,69,Female,Ahmedabad,150659.0,37,29264,288,App,0,0,0.98,5.98,0
2041,43,Male,Mumbai,32235.0,3,9791,47,App,8,13,0.81,8.73,1
2042,51,Male,Pune,107733.0,31,42473,110,App,6,7,0.16,1.91,0
2043,62,Male,Pune,87712.0,13,23375,200,Online,2,4,0.28,4.12,0
2044,23,Male,Ahmedabad,177545.0,16,23611,210,Online,8,4,0.33,5.84,0
2045,54,Male,Pune,150849.0,21,43026,154,Store,1,8,0.65,8.3,0
2046,50,Female,Pune,104823.0,2,8833,10,Store,6,7,0.76,2.95,0
2047,39,Female,Pune,129215.0,27,48013,353,Store,8,12,0.75,8.23,1
2048,38,Female,Mumbai,57230.0,38,16754,157,Online,5,0,0.51,4.6,0
2049,23,Male,Ahmedabad,109573.0,26,43048,261,Online,9,2,0.81,2.7,0
2050,23,Female,Pune,65644.0,38,13577,77,Store,4,11,0.44,7.83,1
2051,65,Female,Pune,70203.0,25,32095,257,Online,6,6,0.12,1.82,0
2052,21,Female,Mumbai,91677.0,11,22248,131,Online,5,0,0.56,5.63,0
2053,47,Male,Ahmedabad,181497.0,8,36282,67,App,4,0,0.95,1.57,0
2054,28,Male,Delhi,148246.0,8,37737,228,App,1,4,0.79,4.21,0
2055,47,Male,Mumbai,109817.0,33,32891,163,Store,7,8,0.58,6.41,0
2056,48,Male,Ahmedabad,94806.0,7,25124,15,Store,6,5,0.65,6.01,0
2057,41,Male,Pune,67814.0,38,5566,232,App,5,9,0.93,4.64,0
2058,26,Female,Ahmedabad,95219.0,21,3196,195,Online,4,1,0.43,4.86,0
2059,20,Male,Ahmedabad,195956.0,8,32115,349,Store,4,10,0.33,3.04,0
2060,68,Male,Ahmedabad,120345.0,21,20859,30,Store,8,8,0.98,,0
2061,48,Male,Delhi,125088.0,20,12345,359,Store,0,5,0.86,9.58,0
2062,57,Male,Ahmedabad,94322.0,8,35077,338,Online,8,4,0.32,8.65,0
2063,54,Male,Delhi,46650.0,31,1864,331,App,5,4,0.46,2.31,0
2064,53,Male,Pune,119242.0,29,13055,316,Store,3,14,0.42,,1
2065,41,Male,Delhi,165262.0,9,39157,296,App,9,11,0.15,,1
2066,48,Female,Pune,63196.0,15,20747,330,App,6,2,0.96,5.74,0
2067,23,Female,Pune,195521.0,30,45484,220,Online,8,13,0.4,5.84,1
2068,19,Male,Delhi,195733.0,26,12978,147,Online,4,5,0.88,8.03,0
2069,37,Male,Mumbai,54709.0,10,25599,259,Online,4,14,0.19,,1
2070,45,Female,Bangalore,105428.0,29,36771,292,Online,7,14,0.55,5.34,1
2071,28,Male,Ahmedabad,34943.0,16,47942,299,Online,6,12,0.02,9.72,1
2072,21,Male,Bangalore,199312.0,36,47540,143,Online,7,3,0.76,7.05,0
2073,32,Female,Ahmedabad,46042.0,20,18615,235,Store,9,12,0.58,2.38,1
2074,23,Male,Ahmedabad,68894.0,37,41727,115,App,1,11,0.63,2.2,1
2075,66,Female,Pune,162941.0,22,45748,90,Online,8,9,0.05,2.84,0
2076,47,Female,Ahmedabad,81759.0,7,40349,208,Store,2,13,0.21,7.9,1
2077,55,Male,Ahmedabad,130973.0,23,30377,164,App,5,14,0.07,3.66,1
2078,68,Male,Delhi,,29,31031,84,Online,5,1,0.29,1.19,0
2079,19,Female,Bangalore,133369.0,16,43733,77,Online,1,12,0.63,9.5,1
2080,32,Male,Delhi,176990.0,38,12760,161,Store,6,2,0.57,2.53,0
2081,28,Male,Ahmedabad,53379.0,28,48690,5,App,8,8,0.61,1.09,0
2082,25,Female,Pune,145667.0,38,34714,78,Online,9,10,0.55,3.13,0
2083,43,Female,Delhi,159034.0,31,26762,91,App,0,10,0.27,3.12,0
2084,68,Male,Delhi,169923.0,14,35332,87,Store,7,8,0.24,4.8,0
2085,62,Female,Mumbai,142626.0,33,41100,270,Online,1,5,0.14,9.28,0
2086,61,Male,Ahmedabad,150180.0,9,5944,104,App,0,9,0.85,,0
2087,22,Female,Pune,77349.0,27,49825,339,Store,7,9,0.62,5.11,0
2088,23,Female,Delhi,170817.0,24,14877,175,Store,1,13,0.19,4.7,1
2089,43,Female,Delhi,30730.0,13,30990,54,Online,5,8,0.18,6.0,0
2090,21,Male,Pune,169993.0,26,43907,211,App,5,3,0.87,3.19,0
2091,36,Female,Ahmedabad,44023.0,29,35076,95,Online,4,10,0.74,1.47,0
2092,37,Male,Mumbai,151796.0,28,4258,223,Online,7,4,0.66,9.45,0
2093,50,Female,Delhi,106533.0,28,32629,9,App,2,9,0.41,,0
2094,37,Male,Mumbai,108286.0,8,38579,53,App,9,5,0.26,2.79,0
2095,66,Male,Bangalore,66979.0,23,23958,77,App,3,12,0.98,5.25,1
2096,29,Male,Ahmedabad,47837.0,29,40465,206,Store,6,14,0.8,5.42,1
2097,64,Female,Bangalore,171069.0,5,21317,316,Store,6,8,0.3,1.17,0
2098,18,Female,Bangalore,129975.0,7,16775,302,App,7,12,0.85,2.33,1
2099,43,Male,Bangalore,,36,12039,310,Store,1,4,0.76,4.4,0
2100,31,Male,Ahmedabad,33876.0,27,30097,330,Online,1,7,0.3,7.15,0
2101,55,Female,Ahmedabad,85973.0,2,35207,112,App,3,10,0.43,3.06,0
2102,54,Male,Pune,158959.0,25,23553,351,Online,9,0,0.19,4.81,0
2103,28,Male,Mumbai,67422.0,9,45402,165,,8,4,0.11,,0
2104,53,Female,Mumbai,76413.0,27,1055,279,Online,9,9,0.72,9.0,0
2105,30,Female,Pune,127484.0,1,24161,27,,8,0,0.27,3.93,0
2106,60,Female,Pune,158913.0,23,33873,70,Online,3,9,0.82,2.2,0
2107,20,Male,Bangalore,53756.0,10,36969,218,App,8,13,1.0,5.4,1
2108,50,Male,Pune,96576.0,25,16184,189,App,2,5,0.08,7.72,0
2109,23,Female,Delhi,143248.0,3,1669,333,Store,4,6,0.47,1.99,1
2110,67,Female,Mumbai,35304.0,6,13663,306,Online,9,11,0.8,4.82,1
2111,27,Female,Pune,55341.0,6,26318,124,Store,8,13,0.79,1.16,1
2112,22,Female,Delhi,,2,34734,19,Online,5,4,0.76,1.3,0
2113,40,Male,Delhi,173082.0,18,17691,257,Store,2,0,0.35,5.35,0
2114,27,Female,Delhi,152039.0,23,19522,296,App,9,5,0.45,3.68,0
2115,61,Male,Delhi,187730.0,2,12656,22,Store,8,9,0.59,8.61,0
2116,19,Male,Bangalore,157447.0,12,16893,40,Store,5,4,0.97,6.42,0
2117,30,Female,Delhi,124485.0,22,46857,38,App,3,5,0.33,5.09,0
2118,57,Male,Bangalore,47092.0,37,17493,48,Store,3,10,0.92,4.67,0
2119,19,Male,Bangalore,156562.0,20,4632,183,App,7,9,0.27,5.48,0
2120,37,Female,Delhi,28729.0,39,31336,75,Online,6,14,0.99,1.36,1
2121,18,Male,Mumbai,162046.0,24,24112,209,Store,0,6,0.67,9.04,0
2122,54,Female,Delhi,,20,39452,183,App,5,6,0.46,9.98,0
2123,26,Male,Delhi,110216.0,1,14266,107,App,7,1,0.61,2.63,0
2124,34,Female,Delhi,108860.0,1,17940,188,Store,2,14,0.27,2.08,1
2125,26,Male,Mumbai,121870.0,17,25003,264,Online,8,11,0.27,2.29,1
2126,28,Male,Ahmedabad,46398.0,1,33872,86,Store,9,2,0.11,6.95,0
2127,32,Female,Ahmedabad,59650.0,30,35815,324,App,1,11,0.11,6.95,1
2128,41,Female,Bangalore,177364.0,3,31869,331,Online,5,5,0.35,8.63,0
2129,55,Male,Bangalore,128889.0,11,18257,137,Store,0,2,0.76,7.77,0
2130,52,Male,Mumbai,28159.0,24,17682,346,App,1,1,0.61,5.05,0
2131,47,Female,Pune,123162.0,22,20622,336,Store,4,3,0.1,6.52,0
2132,48,Female,Ahmedabad,127834.0,26,31408,95,Online,0,4,0.85,7.19,0
2133,66,Female,Bangalore,173137.0,13,9837,326,Online,7,10,0.6,5.61,0
2134,22,Female,Ahmedabad,46638.0,1,16407,245,Online,0,9,0.96,5.28,0
2135,61,Male,Mumbai,26073.0,24,30309,90,Online,8,8,0.67,6.81,0
2136,67,Male,Mumbai,54320.0,10,7382,59,Online,9,2,0.18,6.02,0
2137,31,Female,Pune,59924.0,35,28654,28,Store,2,2,0.47,6.8,0
2138,28,Male,Pune,196806.0,24,19895,72,Online,1,5,0.65,6.52,0
2139,26,Male,Mumbai,93116.0,28,34551,270,,0,4,0.03,7.47,0
2140,51,Female,Bangalore,196097.0,36,22376,24,App,8,5,0.01,6.79,0
2141,29,Female,Ahmedabad,27159.0,16,1370,112,Online,3,6,0.13,5.68,0
2142,52,Female,Delhi,73940.0,16,49676,300,App,0,10,0.25,7.14,0
2143,52,Female,Pune,104436.0,17,1486,56,App,0,2,0.43,5.05,0
2144,18,Female,Delhi,39678.0,15,24762,223,App,6,14,0.49,3.18,1
2145,57,Male,Bangalore,168093.0,16,27613,120,Store,1,12,0.14,1.01,1
2146,39,Male,Pune,162844.0,15,48268,179,,6,4,0.67,6.04,0
2147,46,Male,Delhi,92163.0,34,4196,288,App,6,7,0.6,6.32,0
2148,25,Male,Bangalore,179536.0,11,43320,281,Store,9,3,0.29,9.75,0
2149,28,Female,Ahmedabad,76137.0,1,30401,189,Online,8,9,0.01,4.25,0
2150,58,Male,Bangalore,,15,36029,66,Store,6,1,0.08,4.55,0
2151,54,Male,Pune,86497.0,26,11813,298,Online,0,3,0.39,2.82,0
2152,31,Male,Mumbai,125485.0,4,42916,249,Online,7,1,0.15,1.63,1
2153,47,Male,Ahmedabad,130468.0,5,9572,76,Store,7,2,0.38,7.96,0
2154,52,Male,Delhi,25901.0,35,48776,137,Store,3,3,0.63,3.25,0
2155,38,Male,Pune,112980.0,13,29225,164,App,7,3,0.55,6.48,0
2156,54,Male,Mumbai,132594.0,10,46853,233,Store,3,9,0.23,7.19,0
2157,22,Male,Bangalore,27881.0,11,33275,255,Store,7,8,0.34,5.24,0
2158,36,Male,Mumbai,54863.0,18,7843,294,Store,4,9,0.61,8.89,0
2159,31,Female,Pune,161694.0,34,2105,170,Online,3,5,0.86,4.99,0
2160,43,Male,Pune,157450.0,39,44209,317,Online,5,8,0.75,3.56,0
2161,21,Male,Mumbai,70201.0,23,32639,174,Online,1,3,0.55,9.06,0
2162,42,Female,Bangalore,84251.0,7,43487,345,App,1,8,0.36,8.75,0
2163,62,Male,Mumbai,97572.0,39,19051,18,,1,10,0.37,2.48,0
2164,59,Female,Pune,64255.0,3,29708,70,App,8,12,0.88,1.23,1
2165,42,Female,Pune,88212.0,12,36459,338,Online,9,8,0.04,1.81,0
2166,35,Male,Delhi,75210.0,7,12864,116,Store,2,5,0.99,3.58,0
2167,57,Female,Delhi,150629.0,26,35764,80,App,9,4,0.66,9.75,0
2168,25,Male,Ahmedabad,47499.0,33,2425,15,App,3,2,0.68,6.03,0
2169,56,Female,Pune,127552.0,37,7849,176,,9,13,0.04,4.36,1
2170,57,Male,Delhi,86360.0,15,37015,269,,7,14,0.61,9.0,1
2171,31,Female,Mumbai,160675.0,2,19976,119,Store,3,4,0.48,5.08,0
2172,49,Male,Bangalore,152466.0,7,35258,299,Online,9,14,0.11,3.84,1
2173,68,Male,Mumbai,110473.0,32,48078,188,Online,9,2,0.28,9.47,0
2174,55,Female,Bangalore,168704.0,4,32113,57,Store,6,4,0.89,8.65,0
2175,50,Male,Delhi,186679.0,20,16401,199,Store,4,4,0.55,8.59,0
2176,40,Male,Ahmedabad,116873.0,36,13884,17,Store,8,1,0.41,5.61,0
2177,32,Female,Mumbai,,32,19824,288,App,3,13,0.07,8.1,1
2178,50,Female,Mumbai,81344.0,28,38563,55,Store,2,13,0.71,2.61,1
2179,42,Male,Mumbai,163421.0,13,35414,269,Online,1,8,0.7,6.16,0
2180,34,Female,Bangalore,96154.0,1,17142,303,Store,0,14,0.61,9.85,1
2181,50,Female,Delhi,52464.0,35,48074,87,Online,5,6,0.51,3.62,0
2182,64,Female,Mumbai,,30,6956,318,Online,9,13,0.43,8.15,1
2183,19,Male,Mumbai,146897.0,36,14928,29,App,1,5,0.59,5.41,0
2184,31,Female,Ahmedabad,62344.0,25,10721,22,Store,7,4,0.23,1.36,0
2185,57,Male,Ahmedabad,108791.0,16,12157,321,App,5,14,0.94,7.87,1
2186,57,Female,Delhi,180371.0,19,36135,285,Store,4,3,0.59,,0
2187,68,Male,Delhi,157534.0,1,7696,48,Store,1,7,0.31,6.68,0
2188,56,Male,Pune,,5,28862,5,Store,6,1,0.45,1.77,0
2189,68,Female,Ahmedabad,106441.0,22,6190,250,Store,1,7,0.81,9.52,0
2190,23,Male,Pune,115456.0,24,5663,163,Store,4,0,0.16,3.63,0
2191,23,Female,Bangalore,106788.0,37,40830,202,Online,1,9,0.29,3.04,0
2192,20,Female,Pune,196653.0,36,5331,101,Online,9,0,0.68,2.16,0
2193,24,Female,Mumbai,39175.0,36,45648,71,Store,1,2,0.32,9.51,0
2194,68,Male,Pune,162263.0,4,29549,163,Online,6,4,0.79,7.41,0
2195,25,Female,Delhi,108434.0,36,17246,173,App,8,13,0.13,7.67,1
2196,59,Male,Bangalore,109518.0,18,26761,141,App,4,5,0.76,5.49,0
2197,69,Male,Mumbai,91537.0,16,4262,138,App,6,3,0.07,5.27,0
2198,32,Female,Pune,140721.0,18,47088,66,Store,3,6,0.01,,0
2199,64,Male,Bangalore,,22,8036,198,Store,1,6,0.9,6.04,0
2200,46,Male,Bangalore,48283.0,2,23322,328,Online,2,1,0.58,3.22,1
2201,50,Female,Mumbai,111971.0,21,20131,228,,1,1,0.35,9.79,0
2202,69,Male,Pune,117759.0,36,5677,281,Online,4,1,0.23,8.17,0
2203,47,Male,Bangalore,127780.0,39,8972,172,,5,14,0.62,4.72,1
2204,56,Female,Bangalore,186096.0,39,16329,316,App,6,13,0.51,2.36,1
2205,44,Male,Ahmedabad,55734.0,29,38032,40,App,2,14,0.99,8.07,1
2206,53,Female,Bangalore,25515.0,26,36901,7,App,3,1,0.98,,0
2207,46,Female,Ahmedabad,135782.0,21,45380,174,Online,7,12,0.64,2.7,1
2208,55,Female,Pune,91727.0,17,21493,151,Store,3,8,0.44,2.9,0
2209,50,Female,Pune,134164.0,16,19595,211,,6,13,0.49,6.01,1
2210,54,Male,Pune,71216.0,31,22923,302,App,5,4,0.68,8.08,0
2211,44,Male,Delhi,96833.0,9,47926,86,Store,6,10,0.1,3.83,0
2212,50,Female,Pune,83755.0,31,10735,253,Store,0,7,0.33,1.76,0
2213,21,Female,Bangalore,,14,35457,21,Store,2,4,0.08,5.18,0
2214,39,Female,Mumbai,,37,43531,257,App,5,12,0.07,7.73,1
2215,19,Male,Ahmedabad,180234.0,2,8727,33,Online,2,10,0.2,2.99,0
2216,27,Male,Delhi,162080.0,14,8764,260,Online,6,4,0.49,2.98,0
2217,22,Male,Pune,32987.0,33,46771,234,Store,8,0,0.78,9.53,0
2218,27,Female,Pune,121502.0,35,28599,3,Online,2,5,0.49,9.59,0
2219,50,Male,Mumbai,159404.0,39,1818,347,Online,0,3,0.34,9.91,0
2220,55,Female,Mumbai,91323.0,20,48207,308,App,9,14,0.08,8.27,1
2221,30,Female,Delhi,195062.0,2,48845,227,App,5,2,0.55,2.69,1
2222,48,Male,Ahmedabad,34873.0,19,38289,284,Store,0,5,0.27,,0
2223,64,Female,Pune,192516.0,37,34892,70,Store,0,1,0.61,4.06,0
2224,53,Male,Delhi,191412.0,18,6660,313,Store,7,7,0.98,3.86,0
2225,62,Female,Bangalore,130219.0,16,30521,364,,8,0,0.11,9.61,0
2226,41,Female,Bangalore,30033.0,4,39409,254,Online,1,11,0.21,8.1,1
2227,69,Female,Delhi,98324.0,12,35470,144,App,8,8,0.47,7.52,0
2228,32,Female,Pune,40689.0,29,19385,24,App,4,7,0.97,2.67,0
2229,46,Male,Delhi,134756.0,7,24296,234,,7,0,0.77,9.19,0
2230,25,Male,Pune,,14,24616,333,Online,6,9,0.9,8.45,0
2231,22,Female,Mumbai,139159.0,12,27382,175,Store,6,11,0.33,2.47,1
2232,46,Male,Delhi,32533.0,35,12139,332,Online,3,14,0.99,8.84,1
2233,64,Male,Pune,140828.0,5,33060,325,Online,1,8,0.1,3.45,0
2234,21,Male,Delhi,,17,23419,357,Online,4,1,0.05,1.73,0
2235,29,Female,Delhi,63498.0,32,28785,159,Online,2,2,0.86,6.91,0
2236,62,Male,Pune,134028.0,10,16702,348,Store,8,1,0.93,6.88,0
2237,19,Female,Pune,,17,30217,348,Store,5,12,0.09,1.85,1
2238,44,Female,Ahmedabad,114385.0,5,40291,286,Online,0,13,0.11,3.87,1
2239,48,Male,Delhi,37940.0,9,13397,18,Online,2,7,0.03,9.94,0
2240,68,Male,Bangalore,143027.0,33,41879,44,Store,3,1,0.1,7.11,0
2241,68,Male,Delhi,41932.0,36,36169,155,Store,8,9,0.21,7.57,0
2242,53,Female,Delhi,49648.0,36,27940,355,Online,5,1,0.97,2.92,0
2243,53,Male,Pune,57966.0,18,43249,231,App,3,14,0.67,1.71,1
2244,43,Male,Delhi,183849.0,9,29341,316,Store,0,0,0.78,3.49,0
2245,60,Male,Delhi,188639.0,29,11067,225,Store,7,6,0.78,3.24,0
2246,44,Female,Bangalore,173246.0,14,47144,217,Store,1,11,0.54,3.11,1
2247,22,Male,Pune,67598.0,25,14824,56,Online,7,1,0.8,2.73,0
2248,37,Female,Delhi,169870.0,15,14444,31,Online,5,9,0.6,6.17,0
2249,28,Female,Mumbai,173630.0,6,46647,357,Store,7,4,0.31,3.95,0
2250,27,Male,Ahmedabad,86084.0,29,49880,59,Online,5,4,0.56,8.38,0
2251,57,Female,Bangalore,156250.0,15,34307,353,Online,4,2,0.53,2.66,0
2252,55,Male,Delhi,42118.0,29,11974,235,Store,4,2,0.82,5.18,0
2253,23,Female,Mumbai,47616.0,4,47614,107,Online,9,12,0.98,1.12,1
2254,25,Female,Delhi,156870.0,18,39383,191,App,9,11,0.41,,1
2255,40,Female,Delhi,32601.0,39,30290,18,Online,7,2,0.76,1.5,0
2256,64,Male,Pune,50363.0,16,17016,226,Online,6,5,0.1,9.8,0
2257,43,Male,Pune,27795.0,11,33112,167,Store,7,13,0.78,8.12,1
2258,63,Male,Pune,122462.0,14,29513,71,Store,7,3,0.37,5.41,0
2259,60,Male,Mumbai,127892.0,3,3956,362,App,6,12,0.04,1.78,1
2260,29,Male,Delhi,97833.0,38,9077,54,Online,1,2,0.36,6.33,0
2261,43,Male,Ahmedabad,28084.0,18,37490,245,App,8,1,0.61,7.83,0
2262,30,Male,Bangalore,120865.0,20,45827,350,App,6,12,0.12,2.72,1
2263,57,Male,Pune,25731.0,25,38855,76,Store,5,2,0.92,6.11,0
2264,35,Female,Pune,157201.0,38,44106,35,Online,8,3,0.08,8.33,0
2265,42,Male,Delhi,184094.0,13,35938,267,Store,0,5,0.93,,0
2266,50,Male,Delhi,26605.0,4,37159,317,,1,3,0.71,8.23,0
2267,64,Male,Mumbai,102506.0,14,40710,300,App,0,7,0.33,8.91,0
2268,57,Male,Mumbai,69130.0,33,19000,121,Store,9,2,0.39,9.44,0
2269,60,Female,Pune,185337.0,28,14806,324,,2,11,0.74,4.65,1
2270,29,Male,Delhi,188402.0,37,48560,25,Store,4,2,0.6,6.12,0
2271,61,Female,Ahmedabad,,8,13809,160,Store,0,2,0.67,8.12,0
2272,53,Female,Bangalore,171259.0,34,15855,84,Store,3,7,0.39,7.27,0
2273,65,Female,Delhi,181863.0,5,42876,114,App,7,3,0.49,9.96,0
2274,21,Female,Delhi,,5,30388,223,Store,5,0,0.99,1.12,0
2275,22,Female,Mumbai,137341.0,31,7458,166,Online,0,1,0.21,4.2,0
2276,54,Female,Bangalore,195939.0,9,36524,191,App,0,12,0.42,3.53,1
2277,25,Female,Pune,156965.0,32,7853,175,App,2,13,0.29,3.36,1
2278,59,Female,Delhi,124694.0,33,41477,1,Online,9,9,0.77,3.0,0
2279,66,Female,Pune,44773.0,3,33222,229,Online,7,12,0.76,7.38,1
2280,45,Female,Delhi,29239.0,30,19320,86,App,7,12,0.29,1.76,1
2281,48,Female,Pune,45863.0,12,29618,62,Store,2,13,0.08,7.67,1
2282,26,Male,Bangalore,76415.0,29,46615,320,,6,1,0.01,7.24,0
2283,68,Male,Mumbai,93968.0,3,18352,206,App,2,13,0.43,3.26,1
2284,46,Male,Bangalore,,26,8297,105,Online,3,2,0.41,3.28,0
2285,31,Male,Ahmedabad,26515.0,30,28940,318,App,8,5,0.99,6.66,0
2286,57,Male,Mumbai,122206.0,9,4203,291,Store,3,7,0.47,,0
2287,58,Male,Bangalore,170677.0,26,40267,250,Online,2,11,0.26,8.89,1
2288,39,Female,Ahmedabad,81240.0,2,38941,13,App,4,0,0.89,8.67,0
2289,28,Male,Delhi,30586.0,3,18273,163,App,6,8,0.49,9.68,0
2290,40,Female,Delhi,,4,26368,43,Store,4,0,0.6,6.23,0
2291,18,Male,Pune,147374.0,25,12650,111,App,3,9,0.1,9.18,0
2292,63,Male,Mumbai,56186.0,13,31984,205,App,7,1,0.38,8.28,0
2293,54,Female,Delhi,51928.0,39,42941,256,App,3,2,0.94,9.05,0
2294,38,Female,Mumbai,147990.0,35,8382,307,App,1,6,0.59,1.1,0
2295,43,Male,Delhi,112029.0,23,1801,144,Store,9,8,0.34,9.69,0
2296,63,Female,Pune,45711.0,9,42002,146,App,5,2,0.63,,0
2297,53,Female,Bangalore,79962.0,2,47665,301,App,1,7,0.91,8.18,0
2298,40,Male,Pune,45039.0,31,48965,164,App,2,14,0.27,2.14,1
2299,18,Male,Ahmedabad,61561.0,2,20733,169,Online,0,8,0.51,4.56,0
2300,68,Female,Delhi,26577.0,32,10969,298,Store,4,9,0.96,3.44,0
2301,57,Female,Ahmedabad,132792.0,18,36969,233,,8,6,0.17,3.62,0
2302,32,Female,Ahmedabad,184422.0,13,17733,271,Online,1,3,0.72,2.11,0
2303,38,Female,Mumbai,189870.0,5,33449,60,Store,6,3,0.61,,0
2304,64,Male,Delhi,35785.0,10,27143,296,,4,3,0.68,1.08,0
2305,26,Male,Ahmedabad,97227.0,25,26705,235,Online,1,5,0.35,3.81,0
2306,26,Male,Bangalore,143680.0,34,29363,165,Online,7,3,0.31,2.57,0
2307,27,Female,Ahmedabad,86957.0,37,31720,194,Store,5,4,0.68,6.3,0
2308,69,Female,Bangalore,90431.0,30,10972,234,App,3,8,0.22,,0
2309,43,Female,Mumbai,173369.0,7,34351,183,,3,11,0.42,3.33,1
2310,58,Male,Ahmedabad,96894.0,6,46487,333,Store,1,6,0.19,5.4,0
2311,52,Male,Pune,175653.0,3,37145,232,Store,2,7,0.01,6.87,0
2312,69,Male,Mumbai,80192.0,13,23412,361,Online,6,4,0.97,2.09,0
2313,42,Female,Bangalore,26462.0,3,25078,107,App,2,4,0.43,2.58,0
2314,43,Female,Mumbai,153848.0,26,23580,223,Store,4,12,0.97,3.22,1
2315,28,Male,Ahmedabad,171583.0,24,15855,80,Store,9,10,0.14,9.76,0
2316,55,Female,Delhi,101106.0,6,37169,234,App,5,6,0.59,4.57,0
2317,19,Male,Delhi,73665.0,12,47404,184,App,5,10,0.2,6.39,0
2318,24,Female,Bangalore,106010.0,36,20569,185,App,3,12,0.79,3.17,1
2319,35,Male,Bangalore,97573.0,2,49506,134,Online,5,13,0.78,5.41,1
2320,44,Female,Delhi,132803.0,11,26738,220,App,2,11,0.11,1.67,1
2321,51,Male,Bangalore,144682.0,39,7772,288,Online,6,7,0.91,1.31,0
2322,44,Female,Mumbai,38386.0,34,25874,364,Store,6,8,0.19,5.22,0
2323,34,Male,Pune,149069.0,26,20731,202,Online,3,14,0.61,4.59,1
2324,60,Male,Pune,79460.0,18,11131,146,App,1,13,0.99,2.23,1
2325,61,Male,Mumbai,162293.0,21,1788,324,Online,6,1,0.88,7.19,0
2326,68,Male,Pune,179546.0,36,17184,127,App,2,2,0.96,9.94,0
2327,41,Male,Ahmedabad,140375.0,22,31897,135,,0,11,0.34,4.56,1
2328,42,Female,Mumbai,137660.0,30,3889,114,Store,1,11,0.11,6.62,1
2329,24,Male,Bangalore,177117.0,30,10569,264,Online,9,1,0.19,9.67,0
2330,69,Female,Mumbai,116319.0,8,22657,64,Store,8,9,0.5,8.48,0
2331,23,Female,Delhi,141582.0,34,11141,135,App,7,6,0.79,5.17,0
2332,41,Female,Bangalore,160994.0,9,20656,41,Store,5,11,0.15,7.64,1
2333,50,Male,Delhi,178778.0,20,22618,296,App,5,1,0.66,2.15,0
2334,66,Male,Bangalore,67771.0,25,12934,3,App,0,11,0.32,5.61,1
2335,46,Female,Pune,77335.0,19,43537,194,Store,1,13,0.34,3.51,1
2336,60,Female,Mumbai,77949.0,5,24286,110,Store,3,14,0.66,2.45,1
2337,39,Male,Ahmedabad,120558.0,11,8612,221,Online,2,1,0.47,4.84,0
2338,43,Male,Bangalore,171312.0,15,33069,4,Online,0,13,0.81,2.18,1
2339,45,Male,Bangalore,127272.0,8,17205,244,Store,7,13,0.16,7.29,1
2340,67,Female,Delhi,27716.0,19,28331,166,Store,6,1,0.79,5.11,0
2341,38,Male,Pune,,23,14934,26,Store,3,14,0.06,5.78,1
2342,66,Male,Delhi,176285.0,27,11095,17,Store,8,11,0.19,2.32,1
2343,24,Female,Delhi,96916.0,32,26958,216,App,3,12,0.66,2.26,1
2344,34,Male,Pune,75906.0,26,38008,92,Store,0,3,0.85,6.25,0
2345,37,Male,Ahmedabad,25463.0,27,19706,31,,9,0,0.25,9.87,0
2346,58,Female,Delhi,188045.0,19,44516,205,Store,0,1,0.33,1.87,0
2347,66,Female,Delhi,99694.0,29,39066,207,Store,0,2,0.54,,0
2348,37,Male,Bangalore,176723.0,39,32472,107,App,0,6,0.21,8.83,0
2349,39,Male,Pune,93694.0,33,35629,146,Online,3,9,0.81,1.65,0
2350,45,Male,Mumbai,45008.0,19,47910,101,Online,0,0,0.77,8.88,0
2351,57,Male,Ahmedabad,95474.0,37,24004,318,Online,1,5,0.15,5.72,0
2352,66,Female,Ahmedabad,,19,21431,241,Online,3,2,0.46,4.67,0
2353,24,Male,Pune,112924.0,33,41088,247,Online,6,2,0.77,,0
2354,18,Male,Bangalore,59980.0,16,45135,163,App,1,3,0.34,3.67,0
2355,49,Male,Bangalore,47504.0,23,39015,173,Online,7,12,0.63,3.75,1
2356,30,Female,Pune,79970.0,7,35502,35,App,6,3,0.05,8.96,0
2357,47,Female,Bangalore,41766.0,26,32385,284,App,8,6,0.61,7.51,0
2358,40,Female,Ahmedabad,141944.0,32,5663,359,Online,5,2,0.15,7.03,0
2359,68,Male,Ahmedabad,,12,39677,358,Online,3,7,0.83,8.19,0
2360,36,Female,Mumbai,167767.0,8,13818,21,Online,5,7,0.36,3.31,0
2361,49,Female,Pune,173868.0,5,23686,308,Store,3,10,0.28,6.56,0
2362,47,Male,Delhi,198615.0,28,24977,163,App,6,12,0.84,5.14,1
2363,46,Male,Delhi,170631.0,5,41931,97,Online,8,6,0.05,8.04,0
2364,66,Male,Mumbai,189211.0,26,19454,307,Store,2,1,0.4,3.78,0
2365,62,Male,Mumbai,145494.0,5,14358,339,App,2,4,0.37,6.79,0
2366,46,Male,Bangalore,33802.0,22,7668,55,Store,1,5,0.28,8.94,0
2367,47,Male,Mumbai,196277.0,15,46784,333,Store,0,11,0.91,4.62,1
2368,33,Male,Mumbai,59159.0,13,41769,127,Online,0,9,0.75,1.6,0
2369,57,Female,Delhi,36516.0,28,10921,193,App,2,3,0.06,5.64,0
2370,36,Male,Bangalore,75492.0,33,35959,243,Store,6,12,0.71,4.11,1
2371,35,Female,Mumbai,54086.0,23,33328,349,App,8,9,0.53,7.05,0
2372,18,Female,Mumbai,138758.0,33,9859,88,Online,1,4,0.9,9.56,0
2373,31,Female,Bangalore,55480.0,18,24970,336,App,6,13,0.31,5.37,1
2374,68,Female,Pune,153023.0,30,9872,215,Store,0,8,0.57,,0
2375,64,Male,Bangalore,135195.0,26,20230,92,Store,1,10,0.5,6.89,0
2376,67,Female,Delhi,63737.0,16,27708,303,App,5,6,0.49,1.93,0
2377,19,Male,Pune,34265.0,13,19847,235,Store,4,1,0.46,3.28,0
2378,45,Male,Ahmedabad,139165.0,39,28105,184,Store,7,10,0.21,9.27,0
2379,66,Female,Bangalore,144501.0,33,5922,38,Store,1,0,0.76,,0
2380,67,Male,Delhi,95990.0,26,5392,139,Online,0,1,0.45,1.12,0
2381,47,Male,Pune,40386.0,1,14541,195,Online,6,2,0.96,2.84,0
2382,55,Female,Bangalore,129718.0,38,20551,15,Store,5,10,0.26,7.15,0
2383,68,Female,Mumbai,62425.0,2,20381,257,App,7,1,0.68,7.88,0
2384,21,Female,Bangalore,146635.0,6,48783,135,Online,7,10,0.94,8.56,0
2385,18,Male,Ahmedabad,199326.0,38,36995,1,App,1,2,0.66,3.63,0
2386,25,Female,Bangalore,78634.0,24,23948,49,Store,7,9,0.87,9.38,0
2387,46,Male,Pune,111988.0,18,27728,96,Store,5,14,0.83,5.98,1
2388,56,Female,Pune,131337.0,27,3024,201,App,8,10,0.36,7.27,0
2389,20,Female,Bangalore,166215.0,8,17713,26,Online,6,10,0.6,6.37,0
2390,49,Female,Pune,171653.0,28,3486,343,App,1,14,0.16,2.1,1
2391,27,Female,Mumbai,92443.0,10,2155,235,App,7,11,0.54,9.67,1
2392,27,Male,Bangalore,54424.0,17,11082,349,Store,8,13,0.23,2.11,1
2393,36,Female,Mumbai,113844.0,29,38245,244,Online,6,11,0.74,3.29,1
2394,63,Female,Mumbai,66984.0,6,19569,358,App,3,8,0.53,8.32,0
2395,51,Male,Delhi,66505.0,14,8086,327,Online,8,3,0.41,6.57,0
2396,50,Female,Bangalore,127478.0,22,3317,351,Store,3,11,0.27,8.54,1
2397,40,Male,Pune,,6,37389,51,Online,3,8,1.0,5.64,0
2398,45,Female,Mumbai,183029.0,26,5491,81,Store,8,10,0.07,4.39,0
2399,49,Female,Delhi,181536.0,39,16916,36,Online,7,2,0.04,9.3,0
2400,67,Female,Bangalore,139012.0,12,16248,67,App,3,11,0.22,1.33,1
2401,24,Male,Bangalore,179721.0,35,3511,129,Store,7,0,0.97,8.71,0
2402,46,Female,Ahmedabad,198137.0,14,25226,155,App,7,10,0.98,3.08,0
2403,25,Female,Ahmedabad,59758.0,22,26025,245,Store,6,4,0.65,8.64,0
2404,18,Female,Mumbai,161668.0,23,43314,111,Online,9,9,0.88,2.25,0
2405,20,Male,Ahmedabad,41374.0,7,49380,168,,5,9,0.21,6.22,0
2406,41,Male,Mumbai,143686.0,25,8848,142,Store,7,13,0.97,8.99,1
2407,40,Female,Pune,28775.0,13,15274,356,Store,6,1,0.14,5.26,0
2408,25,Male,Mumbai,52388.0,21,31958,197,Store,4,3,0.1,7.72,0
2409,64,Female,Ahmedabad,148800.0,10,36233,109,Online,3,1,0.11,8.24,0
2410,54,Female,Pune,46029.0,9,17304,79,Store,1,1,0.57,7.63,0
2411,20,Female,Ahmedabad,108981.0,15,49437,161,Store,7,12,0.78,9.33,1
2412,68,Female,Mumbai,,2,12294,19,,8,2,0.37,5.02,0
2413,50,Male,Delhi,139010.0,25,27425,127,Store,3,4,0.98,2.56,0
2414,45,Male,Bangalore,170717.0,13,4175,205,App,3,3,0.43,1.43,0
2415,64,Male,Ahmedabad,56105.0,34,41617,29,App,4,1,0.15,3.22,0
2416,25,Male,Mumbai,169740.0,34,46241,207,App,1,14,0.47,2.29,1
2417,51,Male,Pune,172032.0,35,28775,280,Online,6,10,0.68,6.02,0
2418,52,Female,Ahmedabad,151519.0,38,10425,151,App,4,13,0.83,2.66,1
2419,49,Female,Ahmedabad,167429.0,3,27013,240,Store,5,13,0.46,1.35,1
2420,41,Female,Bangalore,127739.0,6,28928,266,Online,3,9,0.59,1.32,0
2421,31,Female,Mumbai,76796.0,19,45990,182,Online,7,1,0.27,8.48,0
2422,49,Female,Delhi,40804.0,3,42212,105,Online,7,13,0.65,6.32,1
2423,63,Female,Pune,152732.0,18,9210,236,Online,4,5,0.99,4.22,0
2424,60,Female,Mumbai,170698.0,39,3759,173,,5,6,0.05,9.05,0
2425,33,Female,Pune,184204.0,9,17091,158,Online,2,11,0.89,1.63,1
2426,21,Male,Ahmedabad,32951.0,12,1002,172,,0,9,0.56,9.82,0
2427,69,Male,Bangalore,162521.0,5,41958,311,App,8,5,0.25,,0
2428,54,Male,Bangalore,44065.0,3,31160,157,Store,8,6,0.95,2.65,0
2429,38,Female,Delhi,126503.0,11,21707,258,Store,2,0,0.48,7.11,0
2430,31,Female,Bangalore,130072.0,30,16248,164,App,3,5,0.33,7.87,0
2431,48,Male,Ahmedabad,165202.0,4,6773,147,App,6,10,0.18,4.86,0
2432,65,Male,Delhi,114360.0,5,13786,154,,1,2,0.24,8.75,0
2433,35,Female,Mumbai,87287.0,1,16037,38,Online,2,0,0.83,,0
2434,24,Male,Bangalore,193065.0,27,2885,131,App,5,7,0.61,3.51,0
2435,27,Male,Delhi,187947.0,28,40828,358,Online,7,3,0.91,1.84,0
2436,24,Female,Ahmedabad,162126.0,29,17331,255,Store,0,9,0.23,2.9,0
2437,50,Male,Pune,132357.0,18,41612,208,Store,3,7,0.12,3.15,0
2438,40,Male,Pune,54670.0,12,23495,95,Online,0,9,0.01,9.26,0
2439,38,Female,Ahmedabad,74112.0,13,14450,348,Online,1,13,0.51,1.7,1
2440,36,Female,Ahmedabad,113388.0,2,10491,327,Online,7,10,1.0,4.85,0
2441,65,Female,Pune,114156.0,37,10268,171,Store,5,3,0.69,5.79,0
2442,36,Male,Delhi,184379.0,16,28757,250,Online,8,3,0.31,9.09,0
2443,53,Male,Pune,72922.0,24,42907,190,App,1,11,0.88,9.98,1
2444,46,Male,Ahmedabad,118348.0,35,7791,199,Online,2,13,0.78,7.78,1
2445,35,Female,Bangalore,104335.0,22,40939,221,App,8,9,0.02,9.74,0
2446,19,Female,Mumbai,51312.0,36,29314,24,Online,8,3,0.82,8.08,0
2447,18,Male,Bangalore,91985.0,11,29583,244,Online,5,5,0.3,9.67,0
2448,64,Female,Bangalore,155744.0,29,22550,324,Store,2,13,0.15,7.37,1
2449,22,Male,Ahmedabad,125963.0,35,1093,128,App,4,8,0.23,1.72,0
2450,37,Male,Pune,196349.0,15,36755,93,App,1,4,0.47,4.62,0
2451,28,Male,Delhi,56551.0,31,46615,300,App,6,11,0.42,6.82,1
2452,59,Male,Bangalore,114813.0,16,10967,133,Store,9,12,0.29,4.16,1
2453,19,Female,Pune,126025.0,10,17218,55,App,7,9,0.17,3.46,0
2454,20,Male,Delhi,149342.0,32,44220,158,Store,5,13,0.76,,1
2455,40,Male,Bangalore,34637.0,2,9627,29,Online,7,14,0.99,9.4,1
2456,29,Female,Delhi,68258.0,24,5947,211,Online,1,7,0.78,1.31,0
2457,37,Male,Pune,191765.0,23,40419,154,App,2,7,0.3,7.92,0
2458,22,Female,Mumbai,,2,24178,293,Online,6,3,0.24,7.5,0
2459,54,Female,Pune,154553.0,38,29876,222,Online,9,14,0.22,9.68,1
2460,55,Male,Ahmedabad,51950.0,31,23908,115,App,0,10,0.14,9.38,0
2461,47,Male,Delhi,179560.0,26,36912,158,Online,6,9,0.55,7.86,0
2462,26,Male,Mumbai,152870.0,29,20971,259,App,5,8,0.61,5.68,0
2463,51,Male,Delhi,25215.0,3,33584,251,App,7,8,0.71,2.84,1
2464,61,Male,Delhi,130603.0,14,9959,122,Online,6,4,0.68,5.91,0
2465,52,Female,Bangalore,36523.0,25,29261,299,Online,3,5,0.29,7.89,0
2466,69,Female,Ahmedabad,93689.0,1,42065,263,Online,2,4,0.33,9.06,0
2467,39,Male,Delhi,48834.0,3,40462,49,Online,2,2,0.68,8.11,0
2468,61,Female,Pune,59474.0,26,16835,329,Online,3,10,0.35,2.76,0
2469,41,Female,Pune,68066.0,18,20257,297,Store,8,7,0.21,,0
2470,34,Female,Bangalore,35400.0,9,4346,362,,8,8,0.37,3.99,0
2471,27,Female,Ahmedabad,150211.0,38,31807,77,Store,1,14,0.27,1.08,1
2472,47,Female,Ahmedabad,35345.0,23,31418,127,App,4,3,0.09,2.8,0
2473,63,Male,Pune,58896.0,21,12340,197,Online,0,8,0.83,2.02,0
2474,40,Male,Mumbai,53899.0,1,34012,221,Online,3,8,0.85,8.58,0
2475,49,Female,Bangalore,53229.0,21,36393,91,Online,1,6,0.22,3.33,0
2476,34,Male,Bangalore,30583.0,27,37617,8,App,7,7,0.06,3.56,0
2477,67,Female,Pune,160969.0,6,10597,32,Store,3,14,0.74,9.64,1
2478,68,Female,Pune,96537.0,36,26557,320,Store,4,2,0.21,4.41,0
2479,34,Male,Mumbai,160639.0,28,8737,269,Online,3,14,0.39,1.09,1
2480,31,Male,Mumbai,99807.0,17,47792,191,Online,4,4,0.06,3.55,0
2481,26,Male,Ahmedabad,154648.0,3,45768,349,Online,4,2,0.23,2.07,1
2482,57,Female,Bangalore,137652.0,12,42101,163,Online,4,6,0.79,1.93,0
2483,19,Male,Bangalore,169401.0,39,18276,61,App,2,5,0.8,1.7,0
2484,62,Male,Pune,96792.0,12,8310,264,Online,6,10,0.21,6.34,0
2485,42,Male,Ahmedabad,156300.0,2,36167,285,App,2,2,0.34,2.7,1
2486,56,Male,Bangalore,62052.0,22,38408,95,Online,1,8,0.13,4.25,0
2487,26,Male,Ahmedabad,71032.0,23,20344,41,Store,2,11,0.07,8.76,1
2488,39,Male,Ahmedabad,58686.0,30,11391,149,Store,2,0,0.99,4.82,0
2489,60,Female,Pune,101981.0,5,11892,204,Online,7,9,0.66,9.24,0
2490,63,Male,Ahmedabad,123802.0,9,12197,267,Online,3,2,0.54,5.48,0
2491,21,Male,Mumbai,158881.0,21,14050,2,App,2,14,0.77,4.59,1
2492,43,Male,Mumbai,197857.0,11,37142,178,Online,9,14,0.84,7.75,1
2493,46,Male,Delhi,192619.0,5,46679,194,Online,4,14,0.81,1.66,1
2494,62,Female,Pune,67818.0,35,42615,336,Online,3,10,0.02,1.81,0
2495,51,Female,Delhi,125422.0,27,48553,196,Store,8,14,0.19,6.87,1
2496,40,Male,Mumbai,96927.0,2,44728,343,App,7,9,0.65,5.38,0
2497,54,Female,Delhi,104465.0,24,14535,249,,6,10,0.38,8.11,0
2498,28,Male,Pune,138221.0,31,42002,212,App,7,6,0.98,9.25,0
2499,23,Male,Pune,62333.0,33,44271,153,Store,4,2,0.67,4.5,0
2500,35,Female,Ahmedabad,151457.0,39,6122,158,Online,3,13,0.96,6.37,1
